Timestamp,ITBFC3037_1_RT_TL
2024-03-24 00:01:00,22.9209328
2024-03-24 00:06:00,22.9209328
2024-03-24 00:11:00,22.9209328
2024-03-24 00:16:00,22.9209328
2024-03-24 00:21:00,22.824791
2024-03-24 00:26:00,22.824791
2024-03-24 00:31:00,22.7990761
2024-03-24 00:36:00,22.7286491
2024-03-24 00:41:00,22.7286491
2024-03-24 00:46:00,22.7286491
2024-03-24 00:51:00,22.6325073
2024-03-24 00:56:00,22.6325073
2024-03-24 01:01:00,22.6325073
2024-03-24 01:06:00,22.6325073
2024-03-24 01:11:00,22.6325073
2024-03-24 01:16:00,22.6132793
2024-03-24 01:21:00,22.5363655
2024-03-24 01:26:00,22.5363655
2024-03-24 01:31:00,22.5363655
2024-03-24 01:36:00,22.5186443
2024-03-24 01:41:00,22.5363655
2024-03-24 01:46:00,22.4402237
2024-03-24 01:51:00,22.5363655
2024-03-24 01:56:00,22.4526215
2024-03-24 02:01:00,22.4402237
2024-03-24 02:06:00,22.4402237
2024-03-24 02:11:00,22.4402237
2024-03-24 02:16:00,22.4402237
2024-03-24 02:21:00,22.4402237
2024-03-24 02:26:00,22.4402237
2024-03-24 02:31:00,22.4402237
2024-03-24 02:36:00,22.4402237
2024-03-24 02:41:00,22.4402237
2024-03-24 02:46:00,22.4402237
2024-03-24 02:51:00,22.4402237
2024-03-24 02:56:00,22.4402237
2024-03-24 03:01:00,22.4402237
2024-03-24 03:06:00,22.4402237
2024-03-24 03:11:00,22.4402237
2024-03-24 03:16:00,22.4402237
2024-03-24 03:21:00,22.4402237
2024-03-24 03:26:00,22.4402237
2024-03-24 03:31:00,22.4402237
2024-03-24 03:36:00,22.4402237
2024-03-24 03:41:00,22.4402237
2024-03-24 03:46:00,22.4402237
2024-03-24 03:51:00,22.4402237
2024-03-24 03:56:00,22.4402237
2024-03-24 04:01:00,22.4402237
2024-03-24 04:06:00,22.416357
2024-03-24 04:11:00,22.3854351
2024-03-24 04:16:00,22.3440819
2024-03-24 04:21:00,22.3689041
2024-03-24 04:26:00,22.4402237
2024-03-24 04:31:00,22.4402237
2024-03-24 04:36:00,22.3440819
2024-03-24 04:41:00,22.4283161
2024-03-24 04:46:00,22.4402237
2024-03-24 04:51:00,22.4402237
2024-03-24 04:56:00,22.4402237
2024-03-24 05:01:00,22.4402237
2024-03-24 05:06:00,22.3539276
2024-03-24 05:11:00,22.3440819
2024-03-24 05:16:00,22.3440819
2024-03-24 05:21:00,22.3440819
2024-03-24 05:26:00,22.3440819
2024-03-24 05:31:00,22.2577858
2024-03-24 05:36:00,22.267168
2024-03-24 05:41:00,22.3152618
2024-03-24 05:46:00,22.3744125
2024-03-24 05:51:00,22.4402237
2024-03-24 05:56:00,22.4921532
2024-03-24 06:01:00,22.5363655
2024-03-24 06:06:00,22.6325073
2024-03-24 06:11:00,22.6325073
2024-03-24 06:16:00,22.7286491
2024-03-24 06:21:00,22.7286491
2024-03-24 06:26:00,22.7866116
2024-03-24 06:31:00,22.824791
2024-03-24 06:36:00,22.8815937
2024-03-24 06:41:00,22.8401451
2024-03-24 06:46:00,22.824791
2024-03-24 06:51:00,22.824791
2024-03-24 06:56:00,22.824791
2024-03-24 07:01:00,22.8377075
2024-03-24 07:06:00,22.9209328
2024-03-24 07:11:00,22.9209328
2024-03-24 07:16:00,22.9209328
2024-03-24 07:21:00,22.9991474
2024-03-24 07:26:00,23.0170746
2024-03-24 07:31:00,23.0403328
2024-03-24 07:36:00,23.1132164
2024-03-24 07:41:00,23.1132164
2024-03-24 07:46:00,23.1132164
2024-03-24 07:51:00,23.1853504
2024-03-24 07:56:00,23.2093582
2024-03-24 08:01:00,23.2093582
2024-03-24 08:06:00,23.2093582
2024-03-24 08:11:00,23.2093582
2024-03-24 08:16:00,23.2093582
2024-03-24 08:21:00,23.2093582
2024-03-24 08:26:00,23.2093582
2024-03-24 08:31:00,23.2342663
2024-03-24 08:36:00,23.3055
2024-03-24 08:41:00,23.2093582
2024-03-24 08:46:00,23.2093582
2024-03-24 08:51:00,23.2093582
2024-03-24 08:56:00,23.2916222
2024-03-24 09:01:00,23.2699356
2024-03-24 09:06:00,23.2956543
2024-03-24 09:11:00,23.2901173
2024-03-24 09:16:00,23.3055
2024-03-24 09:21:00,23.341053
2024-03-24 09:26:00,23.4016418
2024-03-24 09:31:00,23.4016418
2024-03-24 09:36:00,23.4016418
2024-03-24 09:41:00,23.4016418
2024-03-24 09:46:00,23.4016418
2024-03-24 09:51:00,23.4016418
2024-03-24 09:56:00,23.4016418
2024-03-24 10:01:00,23.4016418
2024-03-24 10:06:00,23.3055
2024-03-24 10:11:00,23.3055
2024-03-24 10:16:00,23.3055
2024-03-24 10:21:00,23.3055
2024-03-24 10:26:00,23.3055
2024-03-24 10:30:00,23.364109
2024-03-24 10:35:00,23.4016418
2024-03-24 10:40:00,23.4016418
2024-03-24 10:45:00,23.4977837
2024-03-24 10:50:00,23.4977837
2024-03-24 10:55:00,23.4687099
2024-03-24 11:00:00,23.4977837
2024-03-24 11:05:00,23.4301682
2024-03-24 11:10:00,23.4301453
2024-03-24 11:15:00,23.4816742
2024-03-24 11:20:00,23.4977837
2024-03-24 11:25:00,23.4977837
2024-03-24 11:30:00,23.4977837
2024-03-24 11:35:00,23.5395775
2024-03-24 11:40:00,23.4977837
2024-03-24 11:45:00,23.5753784
2024-03-24 11:50:00,23.5939255
2024-03-24 11:55:00,23.5939255
2024-03-24 12:00:00,23.6900673
2024-03-24 12:05:00,23.7862091
2024-03-24 12:10:00,23.8823509
2024-03-24 12:15:00,23.9784927
2024-03-24 12:20:00,23.9784927
2024-03-24 12:25:00,23.9784927
2024-03-24 12:30:00,24.0746346
2024-03-24 12:35:00,24.0746346
2024-03-24 12:40:00,24.1707764
2024-03-24 12:45:00,24.1707764
2024-03-24 12:50:00,24.1707764
2024-03-24 12:55:00,24.2053871
2024-03-24 13:00:00,24.1707764
2024-03-24 13:05:00,24.1707764
2024-03-24 13:10:00,24.1707764
2024-03-24 13:15:00,24.1609306
2024-03-24 13:20:00,24.1584702
2024-03-24 13:25:00,24.1707764
2024-03-24 13:30:00,24.0088234
2024-03-24 13:35:00,23.9784927
2024-03-24 13:40:00,23.8823509
2024-03-24 13:45:00,23.8631229
2024-03-24 13:50:00,23.8823509
2024-03-24 13:55:00,23.7862091
2024-03-24 14:00:00,23.660532
2024-03-24 14:05:00,23.4977837
2024-03-24 14:10:00,23.4977837
2024-03-24 14:15:00,23.4016418
2024-03-24 14:20:00,23.4016418
2024-03-24 14:25:00,23.3917961
2024-03-24 14:30:00,23.3055
2024-03-24 14:35:00,23.3055
2024-03-24 14:40:00,23.3286591
2024-03-24 14:45:00,23.3288479
2024-03-24 14:50:00,23.3374767
2024-03-24 14:55:00,23.3279438
2024-03-24 15:00:00,23.3055
2024-03-24 15:05:00,23.3055
2024-03-24 15:10:00,23.3055
2024-03-24 15:15:00,23.3055
2024-03-24 15:20:00,23.3055
2024-03-24 15:25:00,23.3055
2024-03-24 15:30:00,23.3055
2024-03-24 15:35:00,23.3908882
2024-03-24 15:40:00,23.3283997
2024-03-24 15:45:00,23.3055
2024-03-24 15:50:00,23.380312
2024-03-24 15:55:00,23.3055
2024-03-24 16:00:00,23.3055
2024-03-24 16:05:00,23.3055
2024-03-24 16:10:00,23.3055
2024-03-24 16:15:00,23.3055
2024-03-24 16:20:00,23.3055
2024-03-24 16:25:00,23.3341827
2024-03-24 16:30:00,23.4016418
2024-03-24 16:35:00,23.4483814
2024-03-24 16:40:00,23.4977837
2024-03-24 16:45:00,23.4977837
2024-03-24 16:50:00,23.4977837
2024-03-24 16:55:00,23.4977837
2024-03-24 17:00:00,23.5939255
2024-03-24 17:05:00,23.5939255
2024-03-24 17:10:00,23.5939255
2024-03-24 17:15:00,23.5939255
2024-03-24 17:20:00,23.5939255
2024-03-24 17:25:00,23.5939255
2024-03-24 17:30:00,23.6900673
2024-03-24 17:35:00,23.7862091
2024-03-24 17:40:00,23.7862091
2024-03-24 17:45:00,23.7862091
2024-03-24 17:50:00,23.8823509
2024-03-24 17:55:00,23.8823509
2024-03-24 18:00:00,23.8823509
2024-03-24 18:05:00,23.9784927
2024-03-24 18:10:00,23.9015789
2024-03-24 18:15:00,23.9151669
2024-03-24 18:20:00,23.8823509
2024-03-24 18:25:00,23.8152828
2024-03-24 18:30:00,23.7862091
2024-03-24 18:35:00,23.7862091
2024-03-24 18:40:00,23.7862091
2024-03-24 18:45:00,23.7161922
2024-03-24 18:50:00,23.6900673
2024-03-24 18:55:00,23.6900673
2024-03-24 19:00:00,23.6900673
2024-03-24 19:05:00,23.5939255
2024-03-24 19:10:00,23.5816193
2024-03-24 19:15:00,23.4796715
2024-03-24 19:20:00,23.4977837
2024-03-24 19:25:00,23.4857941
2024-03-24 19:30:00,23.4119835
2024-03-24 19:35:00,23.4016418
2024-03-24 19:40:00,23.4016418
2024-03-24 19:45:00,23.4016418
2024-03-24 19:50:00,23.3627262
2024-03-24 19:55:00,23.3748302
2024-03-24 20:00:00,23.3055
2024-03-24 20:05:00,23.3055
2024-03-24 20:10:00,23.3055
2024-03-24 20:15:00,23.2490673
2024-03-24 20:20:00,23.2370472
2024-03-24 20:25:00,23.2902756
2024-03-24 20:30:00,23.3055
2024-03-24 20:35:00,23.3055
2024-03-24 20:40:00,23.4016418
2024-03-24 20:45:00,23.4016418
2024-03-24 20:50:00,23.5939255
2024-03-24 20:55:00,23.5677185
2024-03-24 21:00:00,23.4977837
2024-03-24 21:05:00,23.4883423
2024-03-24 21:10:00,23.4016418
2024-03-24 21:15:00,23.4016418
2024-03-24 21:20:00,23.324728
2024-03-24 21:25:00,23.4016418
2024-03-24 21:30:00,23.4016418
2024-03-24 21:35:00,23.481636
2024-03-24 21:40:00,23.4016418
2024-03-24 21:45:00,23.4016418
2024-03-24 21:50:00,23.4016418
2024-03-24 21:55:00,23.4016418
2024-03-24 22:00:00,23.4016418
2024-03-24 22:05:00,23.4879379
2024-03-24 22:10:00,23.4977837
2024-03-24 22:15:00,23.4016418
2024-03-24 22:20:00,23.4483604
2024-03-24 22:25:00,23.4239845
2024-03-24 22:30:00,23.4016418
2024-03-24 22:35:00,23.3055
2024-03-24 22:40:00,23.2093582
2024-03-24 22:45:00,23.2093582
2024-03-24 22:50:00,23.1132164
2024-03-24 22:55:00,23.1132164
2024-03-24 23:00:00,23.1132164
2024-03-24 23:05:00,23.1132164
2024-03-24 23:10:00,23.1132164
2024-03-24 23:15:00,23.0170746
2024-03-24 23:20:00,23.0170746
2024-03-24 23:25:00,23.0170746
2024-03-24 23:30:00,23.0170746
2024-03-24 23:35:00,22.9209328
2024-03-24 23:40:00,22.9209328
2024-03-24 23:45:00,22.824791
2024-03-24 23:50:00,22.9086266
2024-03-24 23:55:00,22.9209328
2024-03-25 00:00:00,22.9209328
2024-03-25 00:05:00,22.9768848
2024-03-25 00:10:00,23.0170746
2024-03-25 00:15:00,22.9209328
2024-03-25 00:20:00,22.9701157
2024-03-25 00:25:00,22.9209328
2024-03-25 00:30:00,22.9209328
2024-03-25 00:35:00,22.9209328
2024-03-25 00:40:00,22.90555
2024-03-25 00:45:00,22.824791
2024-03-25 00:50:00,22.8554955
2024-03-25 00:55:00,22.8370972
2024-03-25 01:00:00,22.824791
2024-03-25 01:05:00,22.824791
2024-03-25 01:10:00,22.824791
2024-03-25 01:15:00,22.7286491
2024-03-25 01:20:00,22.7286491
2024-03-25 01:25:00,22.7286491
2024-03-25 01:30:00,22.7286491
2024-03-25 01:35:00,22.7132664
2024-03-25 01:40:00,22.7286491
2024-03-25 01:45:00,22.6325073
2024-03-25 01:50:00,22.6325073
2024-03-25 01:55:00,22.6325073
2024-03-25 02:00:00,22.6325073
2024-03-25 02:05:00,22.6325073
2024-03-25 02:10:00,22.6325073
2024-03-25 02:15:00,22.5972347
2024-03-25 02:20:00,22.6325073
2024-03-25 02:25:00,22.6325073
2024-03-25 02:30:00,22.6325073
2024-03-25 02:35:00,22.6325073
2024-03-25 02:40:00,22.6325073
2024-03-25 02:45:00,22.6325073
2024-03-25 02:50:00,22.6325073
2024-03-25 02:55:00,22.6325073
2024-03-25 03:00:00,22.6325073
2024-03-25 03:05:00,22.5363655
2024-03-25 03:10:00,22.5550671
2024-03-25 03:15:00,22.5363655
2024-03-25 03:20:00,22.6325073
2024-03-25 03:25:00,22.6044521
2024-03-25 03:30:00,22.5363655
2024-03-25 03:35:00,22.5462112
2024-03-25 03:40:00,22.5363655
2024-03-25 03:45:00,22.5363655
2024-03-25 03:50:00,22.457571
2024-03-25 03:55:00,22.4402237
2024-03-25 04:00:00,22.4402237
2024-03-25 04:05:00,22.4402237
2024-03-25 04:10:00,22.4402237
2024-03-25 04:15:00,22.4402237
2024-03-25 04:20:00,22.4402237
2024-03-25 04:25:00,22.4899139
2024-03-25 04:30:00,22.4870834
2024-03-25 04:35:00,22.4402237
2024-03-25 04:40:00,22.4402237
2024-03-25 04:45:00,22.5171375
2024-03-25 04:50:00,22.5363655
2024-03-25 04:55:00,22.5363655
2024-03-25 05:00:00,22.5363655
2024-03-25 05:05:00,22.5955582
2024-03-25 05:10:00,22.6325073
2024-03-25 05:15:00,22.5770073
2024-03-25 05:20:00,22.5363655
2024-03-25 05:25:00,22.5363655
2024-03-25 05:30:00,22.5363655
2024-03-25 05:35:00,22.5730438
2024-03-25 05:40:00,22.5363655
2024-03-25 05:45:00,22.6325073
2024-03-25 05:50:00,22.6325073
2024-03-25 05:55:00,22.7286491
2024-03-25 06:00:00,22.7286491
2024-03-25 06:05:00,22.824791
2024-03-25 06:10:00,22.824791
2024-03-25 06:15:00,22.824791
2024-03-25 06:20:00,22.824791
2024-03-25 06:25:00,22.805563
2024-03-25 06:30:00,22.824791
2024-03-25 06:35:00,22.7286491
2024-03-25 06:40:00,22.7163429
2024-03-25 06:45:00,22.7286491
2024-03-25 06:50:00,22.7286491
2024-03-25 06:55:00,22.7286491
2024-03-25 07:00:00,22.7286491
2024-03-25 07:05:00,22.7286491
2024-03-25 07:10:00,22.6911163
2024-03-25 07:15:00,22.7286491
2024-03-25 07:20:00,22.7440319
2024-03-25 07:25:00,22.824791
2024-03-25 07:30:00,22.824791
2024-03-25 07:35:00,22.8801994
2024-03-25 07:40:00,22.9209328
2024-03-25 07:45:00,22.9209328
2024-03-25 07:50:00,23.0170746
2024-03-25 07:55:00,22.9898701
2024-03-25 08:00:00,23.0170746
2024-03-25 08:05:00,23.0779591
2024-03-25 08:10:00,23.1132164
2024-03-25 08:15:00,23.1132164
2024-03-25 08:20:00,23.2093582
2024-03-25 08:25:00,23.3055
2024-03-25 08:30:00,23.3370228
2024-03-25 08:35:00,23.3430099
2024-03-25 08:40:00,23.3893356
2024-03-25 08:45:00,23.4016418
2024-03-25 08:50:00,23.5939255
2024-03-25 08:55:00,23.6766949
2024-03-25 09:00:00,23.6900673
2024-03-25 09:05:00,23.7106018
2024-03-25 09:10:00,23.7862091
2024-03-25 09:15:00,23.8620777
2024-03-25 09:20:00,23.9303284
2024-03-25 09:25:00,23.9784927
2024-03-25 09:30:00,23.7985153
2024-03-25 09:35:00,23.7862091
2024-03-25 09:40:00,23.7862091
2024-03-25 09:45:00,23.7862091
2024-03-25 09:50:00,23.7259521
2024-03-25 09:55:00,23.7197418
2024-03-25 10:00:00,23.6900673
2024-03-25 10:05:00,23.5939255
2024-03-25 10:10:00,23.5282898
2024-03-25 10:15:00,23.4977837
2024-03-25 10:20:00,23.4016418
2024-03-25 10:25:00,23.4016418
2024-03-25 10:30:00,23.3917961
2024-03-25 10:35:00,23.4016418
2024-03-25 10:40:00,23.3055
2024-03-25 10:45:00,23.3055
2024-03-25 10:50:00,23.2093582
2024-03-25 10:55:00,23.2093582
2024-03-25 11:00:00,23.2093582
2024-03-25 11:05:00,23.3055
2024-03-25 11:10:00,23.3055
2024-03-25 11:15:00,23.3055
2024-03-25 11:20:00,23.3055
2024-03-25 11:25:00,23.3055
2024-03-25 11:30:00,23.3055
2024-03-25 11:35:00,23.4016418
2024-03-25 11:40:00,23.4016418
2024-03-25 11:45:00,23.4016418
2024-03-25 11:50:00,23.4016418
2024-03-25 11:55:00,23.4016418
2024-03-25 12:00:00,23.4016418
2024-03-25 12:05:00,23.4016418
2024-03-25 12:10:00,23.4016418
2024-03-25 12:15:00,23.4557915
2024-03-25 12:20:00,23.4016418
2024-03-25 12:25:00,23.4454803
2024-03-25 12:30:00,23.4977837
2024-03-25 12:35:00,23.5939255
2024-03-25 12:40:00,23.5939255
2024-03-25 12:45:00,23.6900673
2024-03-25 12:50:00,23.6900673
2024-03-25 12:55:00,23.7509155
2024-03-25 13:00:00,23.711195
2024-03-25 13:05:00,23.7708263
2024-03-25 13:10:00,23.6900673
2024-03-25 13:15:00,23.6900673
2024-03-25 13:20:00,23.7716694
2024-03-25 13:25:00,23.7862091
2024-03-25 13:30:00,23.6900673
2024-03-25 13:35:00,23.6900673
2024-03-25 13:40:00,23.6477661
2024-03-25 13:45:00,23.6062317
2024-03-25 13:50:00,23.4977837
2024-03-25 13:55:00,23.4977837
2024-03-25 14:00:00,23.4129467
2024-03-25 14:05:00,23.4977837
2024-03-25 14:10:00,23.4686623
2024-03-25 14:15:00,23.4016418
2024-03-25 14:20:00,23.3055
2024-03-25 14:25:00,23.3055
2024-03-25 14:30:00,23.4016418
2024-03-25 14:35:00,23.4127445
2024-03-25 14:40:00,23.441021
2024-03-25 14:45:00,23.4977837
2024-03-25 14:50:00,23.5210419
2024-03-25 14:55:00,23.4977837
2024-03-25 15:00:00,23.4586048
2024-03-25 15:05:00,23.4977837
2024-03-25 15:10:00,23.4977837
2024-03-25 15:15:00,23.4977837
2024-03-25 15:20:00,23.4016418
2024-03-25 15:25:00,23.4016418
2024-03-25 15:30:00,23.3917961
2024-03-25 15:35:00,23.3441124
2024-03-25 15:40:00,23.3055
2024-03-25 15:45:00,23.3055
2024-03-25 15:50:00,23.3055
2024-03-25 15:55:00,23.3055
2024-03-25 16:00:00,23.275938
2024-03-25 16:05:00,23.2093582
2024-03-25 16:10:00,23.1768265
2024-03-25 16:15:00,23.0792255
2024-03-25 16:20:00,23.0170746
2024-03-25 16:25:00,23.0170746
2024-03-25 16:30:00,22.991148
2024-03-25 16:35:00,22.9209328
2024-03-25 16:40:00,22.9209328
2024-03-25 16:45:00,22.9209328
2024-03-25 16:50:00,22.9209328
2024-03-25 16:55:00,22.9209328
2024-03-25 17:00:00,22.9209328
2024-03-25 17:05:00,22.9209328
2024-03-25 17:10:00,22.9209328
2024-03-25 17:15:00,22.9209328
2024-03-25 17:20:00,22.9209328
2024-03-25 17:25:00,23.0018921
2024-03-25 17:30:00,23.0170746
2024-03-25 17:35:00,23.0170746
2024-03-25 17:40:00,23.0170746
2024-03-25 17:45:00,23.1132164
2024-03-25 17:50:00,23.1495457
2024-03-25 17:55:00,23.1760597
2024-03-25 18:00:00,23.1132164
2024-03-25 18:05:00,23.1132164
2024-03-25 18:10:00,23.1132164
2024-03-25 18:15:00,23.1132164
2024-03-25 18:20:00,23.0431271
2024-03-25 18:25:00,23.1132164
2024-03-25 18:30:00,23.0470886
2024-03-25 18:35:00,23.1132164
2024-03-25 18:40:00,23.0170746
2024-03-25 18:45:00,23.0170746
2024-03-25 18:50:00,22.9824638
2024-03-25 18:55:00,22.9209328
2024-03-25 19:00:00,22.824791
2024-03-25 19:05:00,22.824791
2024-03-25 19:10:00,22.824791
2024-03-25 19:15:00,22.7286491
2024-03-25 19:20:00,22.7286491
2024-03-25 19:25:00,22.7440319
2024-03-25 19:30:00,22.824791
2024-03-25 19:35:00,22.824791
2024-03-25 19:40:00,22.824791
2024-03-25 19:45:00,22.824791
2024-03-25 19:50:00,22.824791
2024-03-25 19:55:00,22.9017048
2024-03-25 20:00:00,22.9209328
2024-03-25 20:05:00,22.9797306
2024-03-25 20:10:00,23.0170746
2024-03-25 20:15:00,23.1132164
2024-03-25 20:20:00,23.1132164
2024-03-25 20:25:00,23.1132164
2024-03-25 20:30:00,23.2093582
2024-03-25 20:35:00,23.2093582
2024-03-25 20:40:00,23.2093582
2024-03-25 20:45:00,23.2210217
2024-03-25 20:50:00,23.2093582
2024-03-25 20:55:00,23.2093582
2024-03-25 21:00:00,23.3055
2024-03-25 21:05:00,23.3055
2024-03-25 21:10:00,23.2575283
2024-03-25 21:15:00,23.2093582
2024-03-25 21:20:00,23.3055
2024-03-25 21:25:00,23.2770519
2024-03-25 21:30:00,23.3055
2024-03-25 21:35:00,23.3055
2024-03-25 21:40:00,23.2598572
2024-03-25 21:45:00,23.2498112
2024-03-25 21:50:00,23.2892818
2024-03-25 21:55:00,23.2093582
2024-03-25 22:00:00,23.1483307
2024-03-25 22:05:00,23.1939754
2024-03-25 22:10:00,23.2093582
2024-03-25 22:15:00,23.1132164
2024-03-25 22:20:00,23.0663872
2024-03-25 22:25:00,23.1132164
2024-03-25 22:30:00,23.1033707
2024-03-25 22:35:00,23.1878281
2024-03-25 22:40:00,23.1132164
2024-03-25 22:45:00,23.0170746
2024-03-25 22:50:00,23.0170746
2024-03-25 22:55:00,23.0170746
2024-03-25 23:00:00,23.0016918
2024-03-25 23:05:00,22.9209328
2024-03-25 23:10:00,22.8571415
2024-03-25 23:15:00,22.824791
2024-03-25 23:20:00,22.9209328
2024-03-25 23:25:00,22.9209328
2024-03-25 23:30:00,22.9209328
2024-03-25 23:35:00,22.9209328
2024-03-25 23:40:00,22.9290066
2024-03-25 23:45:00,22.9209328
2024-03-25 23:50:00,22.895092
2024-03-25 23:55:00,22.824791
2024-03-26 00:00:00,22.824791
2024-03-26 00:05:00,22.8763885
2024-03-26 00:10:00,22.9209328
2024-03-26 00:15:00,22.9209328
2024-03-26 00:20:00,22.824791
2024-03-26 00:25:00,22.8094082
2024-03-26 00:30:00,22.7548676
2024-03-26 00:35:00,22.7286491
2024-03-26 00:40:00,22.7197666
2024-03-26 00:45:00,22.6325073
2024-03-26 00:50:00,22.6569633
2024-03-26 00:55:00,22.6325073
2024-03-26 01:00:00,22.6325073
2024-03-26 01:05:00,22.6325073
2024-03-26 01:10:00,22.6325073
2024-03-26 01:15:00,22.6196404
2024-03-26 01:20:00,22.555582
2024-03-26 01:25:00,22.5363655
2024-03-26 01:30:00,22.5627003
2024-03-26 01:35:00,22.5363655
2024-03-26 01:40:00,22.6325073
2024-03-26 01:45:00,22.5363655
2024-03-26 01:50:00,22.5363655
2024-03-26 01:55:00,22.5363655
2024-03-26 02:00:00,22.5363655
2024-03-26 02:05:00,22.5363655
2024-03-26 02:10:00,22.5363655
2024-03-26 02:15:00,22.4710522
2024-03-26 02:20:00,22.5363655
2024-03-26 02:25:00,22.5363655
2024-03-26 02:30:00,22.4789982
2024-03-26 02:35:00,22.5146389
2024-03-26 02:40:00,22.5363655
2024-03-26 02:45:00,22.4402237
2024-03-26 02:50:00,22.4402237
2024-03-26 02:55:00,22.4402237
2024-03-26 03:00:00,22.4582176
2024-03-26 03:05:00,22.4402237
2024-03-26 03:10:00,22.4402237
2024-03-26 03:15:00,22.5040073
2024-03-26 03:20:00,22.5209827
2024-03-26 03:25:00,22.4594517
2024-03-26 03:30:00,22.4402237
2024-03-26 03:35:00,22.4402237
2024-03-26 03:40:00,22.4948215
2024-03-26 03:45:00,22.4402237
2024-03-26 03:50:00,22.4402237
2024-03-26 03:55:00,22.4402237
2024-03-26 04:00:00,22.4402237
2024-03-26 04:05:00,22.4402237
2024-03-26 04:10:00,22.4402237
2024-03-26 04:15:00,22.4662914
2024-03-26 04:20:00,22.4402237
2024-03-26 04:25:00,22.4402237
2024-03-26 04:30:00,22.5363655
2024-03-26 04:35:00,22.5363655
2024-03-26 04:40:00,22.5363655
2024-03-26 04:45:00,22.5363655
2024-03-26 04:50:00,22.5363655
2024-03-26 04:55:00,22.5363655
2024-03-26 05:00:00,22.6009731
2024-03-26 05:05:00,22.5792885
2024-03-26 05:10:00,22.6325073
2024-03-26 05:15:00,22.5955601
2024-03-26 05:20:00,22.5363655
2024-03-26 05:25:00,22.5363655
2024-03-26 05:30:00,22.5363655
2024-03-26 05:35:00,22.5363655
2024-03-26 05:40:00,22.5776634
2024-03-26 05:45:00,22.6325073
2024-03-26 05:50:00,22.6325073
2024-03-26 05:55:00,22.7286491
2024-03-26 06:00:00,22.7286491
2024-03-26 06:05:00,22.824791
2024-03-26 06:10:00,22.824791
2024-03-26 06:15:00,22.8338528
2024-03-26 06:20:00,22.824791
2024-03-26 06:25:00,22.8346367
2024-03-26 06:30:00,22.9209328
2024-03-26 06:35:00,22.9209328
2024-03-26 06:40:00,22.9209328
2024-03-26 06:45:00,22.9209328
2024-03-26 06:50:00,22.8563194
2024-03-26 06:55:00,22.8454628
2024-03-26 07:00:00,22.9209328
2024-03-26 07:05:00,22.8666458
2024-03-26 07:10:00,22.8370972
2024-03-26 07:15:00,22.824791
2024-03-26 07:20:00,22.824791
2024-03-26 07:25:00,22.824791
2024-03-26 07:30:00,22.8446445
2024-03-26 07:35:00,22.8386688
2024-03-26 07:40:00,22.9002514
2024-03-26 07:45:00,22.824791
2024-03-26 07:50:00,22.824791
2024-03-26 07:55:00,22.824791
2024-03-26 08:00:00,22.824791
2024-03-26 08:05:00,22.8884697
2024-03-26 08:10:00,22.9209328
2024-03-26 08:15:00,23.0602283
2024-03-26 08:20:00,23.1939754
2024-03-26 08:25:00,23.2093582
2024-03-26 08:30:00,23.224741
2024-03-26 08:35:00,23.2415638
2024-03-26 08:40:00,23.3055
2024-03-26 08:45:00,23.3055
2024-03-26 08:50:00,23.2695484
2024-03-26 08:55:00,23.2722149
2024-03-26 09:00:00,23.177824
2024-03-26 09:05:00,23.0977249
2024-03-26 09:10:00,23.0170746
2024-03-26 09:15:00,23.0170746
2024-03-26 09:20:00,23.0170746
2024-03-26 09:25:00,23.0170746
2024-03-26 09:30:00,23.0170746
2024-03-26 09:35:00,23.0816822
2024-03-26 09:40:00,23.0324574
2024-03-26 09:45:00,23.02915
2024-03-26 09:50:00,23.0384541
2024-03-26 09:55:00,23.0849152
2024-03-26 10:00:00,23.0740623
2024-03-26 10:05:00,23.0976868
2024-03-26 10:10:00,23.0981579
2024-03-26 10:15:00,23.0170746
2024-03-26 10:20:00,23.0170746
2024-03-26 10:25:00,23.0170746
2024-03-26 10:30:00,22.9627781
2024-03-26 10:35:00,23.0170746
2024-03-26 10:40:00,23.0170746
2024-03-26 10:45:00,23.0470829
2024-03-26 10:50:00,23.0170746
2024-03-26 10:55:00,23.0170746
2024-03-26 11:00:00,23.0170746
2024-03-26 11:05:00,23.0170746
2024-03-26 11:10:00,23.0357876
2024-03-26 11:15:00,23.1132164
2024-03-26 11:20:00,23.2093582
2024-03-26 11:25:00,23.2093582
2024-03-26 11:30:00,23.267086
2024-03-26 11:35:00,23.2192039
2024-03-26 11:40:00,23.2761173
2024-03-26 11:45:00,23.3055
2024-03-26 11:50:00,23.3055
2024-03-26 11:55:00,23.3401108
2024-03-26 12:00:00,23.4016418
2024-03-26 12:05:00,23.4977837
2024-03-26 12:10:00,23.4977837
2024-03-26 12:15:00,23.5939255
2024-03-26 12:20:00,23.5939255
2024-03-26 12:25:00,23.6376762
2024-03-26 12:30:00,23.6900673
2024-03-26 12:35:00,23.7862091
2024-03-26 12:40:00,23.7862091
2024-03-26 12:45:00,23.8669682
2024-03-26 12:50:00,23.8823509
2024-03-26 12:55:00,23.8823509
2024-03-26 13:00:00,23.8823509
2024-03-26 13:05:00,23.8823509
2024-03-26 13:10:00,23.8967819
2024-03-26 13:15:00,23.9784927
2024-03-26 13:20:00,23.9784927
2024-03-26 13:25:00,23.9784927
2024-03-26 13:30:00,23.9784927
2024-03-26 13:35:00,23.9423981
2024-03-26 13:40:00,23.9201069
2024-03-26 13:45:00,23.7862091
2024-03-26 13:50:00,23.7146072
2024-03-26 13:55:00,23.7092953
2024-03-26 14:00:00,23.6900673
2024-03-26 14:05:00,23.5939255
2024-03-26 14:10:00,23.5939255
2024-03-26 14:15:00,23.6093082
2024-03-26 14:20:00,23.5939255
2024-03-26 14:25:00,23.5939255
2024-03-26 14:30:00,23.6900673
2024-03-26 14:35:00,23.5939255
2024-03-26 14:40:00,23.6900673
2024-03-26 14:45:00,23.6900673
2024-03-26 14:50:00,23.6900673
2024-03-26 14:55:00,23.6900673
2024-03-26 15:00:00,23.5436745
2024-03-26 15:05:00,23.4864426
2024-03-26 15:10:00,23.4573822
2024-03-26 15:15:00,23.4016418
2024-03-26 15:20:00,23.3055
2024-03-26 15:25:00,23.3055
2024-03-26 15:30:00,23.2093582
2024-03-26 15:35:00,23.2093582
2024-03-26 15:40:00,23.2093582
2024-03-26 15:45:00,23.2093582
2024-03-26 15:50:00,23.2184315
2024-03-26 15:55:00,23.3055
2024-03-26 16:00:00,23.3055
2024-03-26 16:05:00,23.3153458
2024-03-26 16:10:00,23.3055
2024-03-26 16:15:00,23.392416
2024-03-26 16:20:00,23.4016418
2024-03-26 16:25:00,23.4016418
2024-03-26 16:30:00,23.4977837
2024-03-26 16:35:00,23.5565643
2024-03-26 16:40:00,23.5939255
2024-03-26 16:45:00,23.5630188
2024-03-26 16:50:00,23.5939255
2024-03-26 16:55:00,23.5939255
2024-03-26 17:00:00,23.6722527
2024-03-26 17:05:00,23.6900673
2024-03-26 17:10:00,23.6900673
2024-03-26 17:15:00,23.6900673
2024-03-26 17:20:00,23.7862091
2024-03-26 17:25:00,23.8669682
2024-03-26 17:30:00,23.8823509
2024-03-26 17:35:00,23.8823509
2024-03-26 17:40:00,23.8946571
2024-03-26 17:45:00,24.0277004
2024-03-26 17:50:00,24.0746346
2024-03-26 17:55:00,24.0544529
2024-03-26 18:00:00,23.9784927
2024-03-26 18:05:00,23.8823509
2024-03-26 18:10:00,23.8823509
2024-03-26 18:15:00,23.6900673
2024-03-26 18:20:00,23.6900673
2024-03-26 18:25:00,23.6900673
2024-03-26 18:30:00,23.6900673
2024-03-26 18:35:00,23.5939255
2024-03-26 18:40:00,23.5939255
2024-03-26 18:45:00,23.4977837
2024-03-26 18:50:00,23.4977837
2024-03-26 18:55:00,23.4016418
2024-03-26 19:00:00,23.3055
2024-03-26 19:05:00,23.2093582
2024-03-26 19:10:00,23.1132164
2024-03-26 19:15:00,23.0170746
2024-03-26 19:20:00,22.9978466
2024-03-26 19:25:00,23.0170746
2024-03-26 19:30:00,23.0170746
2024-03-26 19:35:00,23.1132164
2024-03-26 19:40:00,23.1132164
2024-03-26 19:45:00,23.1132164
2024-03-26 19:50:00,23.0786095
2024-03-26 19:55:00,23.0170746
2024-03-26 20:00:00,23.0170746
2024-03-26 20:05:00,22.9978466
2024-03-26 20:10:00,22.9484177
2024-03-26 20:15:00,23.0170746
2024-03-26 20:20:00,23.0939884
2024-03-26 20:25:00,23.1132164
2024-03-26 20:30:00,23.1132164
2024-03-26 20:35:00,23.1132164
2024-03-26 20:40:00,23.1132164
2024-03-26 20:45:00,23.1132164
2024-03-26 20:50:00,23.1132164
2024-03-26 20:55:00,23.0719738
2024-03-26 21:00:00,23.1132164
2024-03-26 21:05:00,23.1132164
2024-03-26 21:10:00,23.1132164
2024-03-26 21:15:00,23.1132164
2024-03-26 21:20:00,23.2093582
2024-03-26 21:25:00,23.2093582
2024-03-26 21:30:00,23.2093582
2024-03-26 21:35:00,23.3055
2024-03-26 21:40:00,23.2187309
2024-03-26 21:45:00,23.3055
2024-03-26 21:50:00,23.3055
2024-03-26 21:55:00,23.3055
2024-03-26 22:00:00,23.3055
2024-03-26 22:05:00,23.3055
2024-03-26 22:10:00,23.3055
2024-03-26 22:15:00,23.3710709
2024-03-26 22:20:00,23.3409672
2024-03-26 22:25:00,23.4016418
2024-03-26 22:30:00,23.4016418
2024-03-26 22:35:00,23.4977837
2024-03-26 22:40:00,23.4977837
2024-03-26 22:45:00,23.4977837
2024-03-26 22:50:00,23.5939255
2024-03-26 22:55:00,23.5939255
2024-03-26 23:00:00,23.5785427
2024-03-26 23:05:00,23.5391521
2024-03-26 23:10:00,23.4977837
2024-03-26 23:15:00,23.5155048
2024-03-26 23:20:00,23.4977837
2024-03-26 23:25:00,23.4977837
2024-03-26 23:30:00,23.4977837
2024-03-26 23:35:00,23.4016418
2024-03-26 23:40:00,23.4016418
2024-03-26 23:45:00,23.3229599
2024-03-26 23:50:00,23.2093582
2024-03-26 23:55:00,23.2093582
2024-03-27 00:00:00,23.1132164
2024-03-27 00:05:00,23.1132164
2024-03-27 00:10:00,23.1132164
2024-03-27 00:15:00,23.0939884
2024-03-27 00:20:00,23.0170746
2024-03-27 00:25:00,22.9209328
2024-03-27 00:30:00,22.9209328
2024-03-27 00:35:00,22.9209328
2024-03-27 00:40:00,22.9209328
2024-03-27 00:45:00,22.824791
2024-03-27 00:50:00,22.824791
2024-03-27 00:55:00,22.7995796
2024-03-27 01:00:00,22.7666378
2024-03-27 01:05:00,22.7286491
2024-03-27 01:10:00,22.7286491
2024-03-27 01:15:00,22.6325073
2024-03-27 01:20:00,22.6325073
2024-03-27 01:25:00,22.6132793
2024-03-27 01:30:00,22.6325073
2024-03-27 01:35:00,22.6202011
2024-03-27 01:40:00,22.5997772
2024-03-27 01:45:00,22.6325073
2024-03-27 01:50:00,22.5363655
2024-03-27 01:55:00,22.5363655
2024-03-27 02:00:00,22.4402237
2024-03-27 02:05:00,22.4402237
2024-03-27 02:10:00,22.4402237
2024-03-27 02:15:00,22.4402237
2024-03-27 02:20:00,22.430378
2024-03-27 02:25:00,22.3440819
2024-03-27 02:30:00,22.3440819
2024-03-27 02:35:00,22.3440819
2024-03-27 02:40:00,22.3440819
2024-03-27 02:45:00,22.3440819
2024-03-27 02:50:00,22.3440819
2024-03-27 02:55:00,22.3440819
2024-03-27 03:00:00,22.3440819
2024-03-27 03:05:00,22.3440819
2024-03-27 03:10:00,22.3440819
2024-03-27 03:15:00,22.3440819
2024-03-27 03:20:00,22.3440819
2024-03-27 03:25:00,22.3440819
2024-03-27 03:30:00,22.3208237
2024-03-27 03:35:00,22.3822269
2024-03-27 03:40:00,22.3990402
2024-03-27 03:45:00,22.4402237
2024-03-27 03:50:00,22.4872437
2024-03-27 03:55:00,22.4402237
2024-03-27 04:00:00,22.4525299
2024-03-27 04:05:00,22.4402237
2024-03-27 04:10:00,22.4402237
2024-03-27 04:15:00,22.4402237
2024-03-27 04:20:00,22.4746685
2024-03-27 04:25:00,22.4871426
2024-03-27 04:30:00,22.4402237
2024-03-27 04:35:00,22.4402237
2024-03-27 04:40:00,22.4402237
2024-03-27 04:45:00,22.4402237
2024-03-27 04:50:00,22.5363655
2024-03-27 04:55:00,22.5252628
2024-03-27 05:00:00,22.5363655
2024-03-27 05:05:00,22.5363655
2024-03-27 05:10:00,22.5363655
2024-03-27 05:15:00,22.5363655
2024-03-27 05:20:00,22.4594517
2024-03-27 05:25:00,22.4402237
2024-03-27 05:30:00,22.4402237
2024-03-27 05:35:00,22.4261665
2024-03-27 05:40:00,22.4402237
2024-03-27 05:45:00,22.3440819
2024-03-27 05:50:00,22.3597107
2024-03-27 05:55:00,22.4056129
2024-03-27 06:00:00,22.4402237
2024-03-27 06:05:00,22.5094852
2024-03-27 06:10:00,22.4556065
2024-03-27 06:15:00,22.5973148
2024-03-27 06:20:00,22.6517353
2024-03-27 06:25:00,22.7286491
2024-03-27 06:30:00,22.824791
2024-03-27 06:35:00,22.9209328
2024-03-27 06:40:00,23.0170746
2024-03-27 06:45:00,23.0366402
2024-03-27 06:50:00,23.1132164
2024-03-27 06:55:00,23.1132164
2024-03-27 07:00:00,23.1132164
2024-03-27 07:05:00,23.1466446
2024-03-27 07:10:00,23.1377144
2024-03-27 07:15:00,23.2093582
2024-03-27 07:20:00,23.1132164
2024-03-27 07:25:00,23.1132164
2024-03-27 07:30:00,23.0170746
2024-03-27 07:35:00,23.0170746
2024-03-27 07:40:00,22.9978466
2024-03-27 07:45:00,22.9209328
2024-03-27 07:50:00,22.8402634
2024-03-27 07:55:00,22.824791
2024-03-27 08:00:00,22.824791
2024-03-27 08:05:00,22.824791
2024-03-27 08:10:00,22.824791
2024-03-27 08:15:00,22.824791
2024-03-27 08:20:00,22.824791
2024-03-27 08:25:00,22.824791
2024-03-27 08:30:00,22.824791
2024-03-27 08:35:00,22.824791
2024-03-27 08:40:00,22.824791
2024-03-27 08:45:00,22.824791
2024-03-27 08:50:00,22.824791
2024-03-27 08:55:00,22.824791
2024-03-27 09:00:00,22.8370972
2024-03-27 09:05:00,22.824791
2024-03-27 09:10:00,22.8985062
2024-03-27 09:15:00,22.9209328
2024-03-27 09:20:00,22.9209328
2024-03-27 09:25:00,22.9949226
2024-03-27 09:30:00,23.0170746
2024-03-27 09:35:00,23.1132164
2024-03-27 09:40:00,23.1132164
2024-03-27 09:45:00,23.1132164
2024-03-27 09:50:00,23.1132164
2024-03-27 09:55:00,23.1132164
2024-03-27 10:00:00,23.1132164
2024-03-27 10:05:00,23.0170746
2024-03-27 10:10:00,23.0297966
2024-03-27 10:15:00,23.0170746
2024-03-27 10:20:00,22.95294
2024-03-27 10:25:00,22.9209328
2024-03-27 10:30:00,22.9209328
2024-03-27 10:35:00,22.9209328
2024-03-27 10:40:00,22.9209328
2024-03-27 10:45:00,23.0170746
2024-03-27 10:50:00,23.0170746
2024-03-27 10:55:00,23.0170746
2024-03-27 11:00:00,23.0170746
2024-03-27 11:05:00,23.0170746
2024-03-27 11:10:00,23.0170746
2024-03-27 11:15:00,23.0170746
2024-03-27 11:20:00,23.0170746
2024-03-27 11:25:00,23.0170746
2024-03-27 11:30:00,23.1132164
2024-03-27 11:35:00,23.1132164
2024-03-27 11:40:00,23.1886597
2024-03-27 11:45:00,23.3055
2024-03-27 11:50:00,23.3055
2024-03-27 11:55:00,23.3239422
2024-03-27 12:00:00,23.3055
2024-03-27 12:05:00,23.4016418
2024-03-27 12:10:00,23.3655872
2024-03-27 12:15:00,23.4977837
2024-03-27 12:20:00,23.5939255
2024-03-27 12:25:00,23.5067272
2024-03-27 12:30:00,23.5939255
2024-03-27 12:35:00,23.6900673
2024-03-27 12:40:00,23.6900673
2024-03-27 12:45:00,23.6900673
2024-03-27 12:50:00,23.7862091
2024-03-27 12:55:00,23.7862091
2024-03-27 13:00:00,23.6900673
2024-03-27 13:05:00,23.6900673
2024-03-27 13:10:00,23.6900673
2024-03-27 13:15:00,23.6746845
2024-03-27 13:20:00,23.5939255
2024-03-27 13:25:00,23.5801258
2024-03-27 13:30:00,23.4876633
2024-03-27 13:35:00,23.4854774
2024-03-27 13:40:00,23.4016418
2024-03-27 13:45:00,23.4482899
2024-03-27 13:50:00,23.4016418
2024-03-27 13:55:00,23.4016418
2024-03-27 14:00:00,23.3055
2024-03-27 14:05:00,23.3055
2024-03-27 14:10:00,23.3055
2024-03-27 14:15:00,23.2953014
2024-03-27 14:20:00,23.1132164
2024-03-27 14:25:00,23.1132164
2024-03-27 14:30:00,23.1132164
2024-03-27 14:35:00,23.2093582
2024-03-27 14:40:00,23.2216644
2024-03-27 14:45:00,23.3055
2024-03-27 14:50:00,23.3055
2024-03-27 14:55:00,23.4016418
2024-03-27 15:00:00,23.4016418
2024-03-27 15:05:00,23.4016418
2024-03-27 15:10:00,23.4016418
2024-03-27 15:15:00,23.4016418
2024-03-27 15:20:00,23.4016418
2024-03-27 15:25:00,23.4016418
2024-03-27 15:30:00,23.3917961
2024-03-27 15:35:00,23.4016418
2024-03-27 15:40:00,23.4016418
2024-03-27 15:45:00,23.4016418
2024-03-27 15:50:00,23.3055
2024-03-27 15:55:00,23.2814274
2024-03-27 16:00:00,23.2093582
2024-03-27 16:05:00,23.0535526
2024-03-27 16:10:00,23.0170746
2024-03-27 16:15:00,22.9209328
2024-03-27 16:20:00,22.824791
2024-03-27 16:25:00,22.824791
2024-03-27 16:30:00,22.8418941
2024-03-27 16:35:00,22.8415108
2024-03-27 16:40:00,22.9086266
2024-03-27 16:45:00,22.9209328
2024-03-27 16:50:00,22.9209328
2024-03-27 16:55:00,22.9209328
2024-03-27 17:00:00,22.9584751
2024-03-27 17:05:00,23.0170746
2024-03-27 17:10:00,23.0170746
2024-03-27 17:15:00,23.1132164
2024-03-27 17:20:00,23.1132164
2024-03-27 17:25:00,23.1009102
2024-03-27 17:30:00,23.1132164
2024-03-27 17:35:00,23.1132164
2024-03-27 17:40:00,23.1293621
2024-03-27 17:45:00,23.2093582
2024-03-27 17:50:00,23.3055
2024-03-27 17:55:00,23.2348995
2024-03-27 18:00:00,23.3055
2024-03-27 18:05:00,23.3055
2024-03-27 18:10:00,23.3055
2024-03-27 18:15:00,23.3055
2024-03-27 18:20:00,23.2389641
2024-03-27 18:25:00,23.2495766
2024-03-27 18:30:00,23.2093582
2024-03-27 18:35:00,23.2093582
2024-03-27 18:40:00,23.1132164
2024-03-27 18:45:00,23.1132164
2024-03-27 18:50:00,23.0939884
2024-03-27 18:55:00,23.0170746
2024-03-27 19:00:00,23.0170746
2024-03-27 19:05:00,23.0170746
2024-03-27 19:10:00,23.0170746
2024-03-27 19:15:00,22.9209328
2024-03-27 19:20:00,22.9363155
2024-03-27 19:25:00,22.9209328
2024-03-27 19:30:00,22.9209328
2024-03-27 19:35:00,22.980257
2024-03-27 19:40:00,23.0170746
2024-03-27 19:45:00,23.0170746
2024-03-27 19:50:00,23.1132164
2024-03-27 19:55:00,23.1132164
2024-03-27 20:00:00,23.1132164
2024-03-27 20:05:00,23.1132164
2024-03-27 20:10:00,23.2093582
2024-03-27 20:15:00,23.2811813
2024-03-27 20:20:00,23.3055
2024-03-27 20:25:00,23.2093582
2024-03-27 20:30:00,23.1132164
2024-03-27 20:35:00,23.2093582
2024-03-27 20:40:00,23.2456245
2024-03-27 20:45:00,23.2093582
2024-03-27 20:50:00,23.2093582
2024-03-27 20:55:00,23.2093582
2024-03-27 21:00:00,23.2093582
2024-03-27 21:05:00,23.3055
2024-03-27 21:10:00,23.3055
2024-03-27 21:15:00,23.4016418
2024-03-27 21:20:00,23.4016418
2024-03-27 21:25:00,23.3606014
2024-03-27 21:30:00,23.4016418
2024-03-27 21:35:00,23.4016418
2024-03-27 21:40:00,23.4016418
2024-03-27 21:45:00,23.4016418
2024-03-27 21:50:00,23.4589882
2024-03-27 21:55:00,23.4533043
2024-03-27 22:00:00,23.4430676
2024-03-27 22:05:00,23.4977837
2024-03-27 22:10:00,23.4977837
2024-03-27 22:15:00,23.4856606
2024-03-27 22:20:00,23.4977837
2024-03-27 22:25:00,23.4977837
2024-03-27 22:30:00,23.4715214
2024-03-27 22:35:00,23.4016418
2024-03-27 22:40:00,23.3055
2024-03-27 22:45:00,23.1806564
2024-03-27 22:50:00,23.2093582
2024-03-27 22:55:00,23.1324444
2024-03-27 23:00:00,23.1132164
2024-03-27 23:05:00,23.1132164
2024-03-27 23:10:00,23.1132164
2024-03-27 23:15:00,23.0609303
2024-03-27 23:20:00,23.1132164
2024-03-27 23:25:00,23.0807648
2024-03-27 23:30:00,23.0170746
2024-03-27 23:35:00,23.0910645
2024-03-27 23:40:00,23.1132164
2024-03-27 23:45:00,23.1132164
2024-03-27 23:50:00,23.1537476
2024-03-27 23:55:00,23.1300411
2024-03-28 00:00:00,23.1132164
2024-03-28 00:05:00,23.0890503
2024-03-28 00:10:00,23.0170746
2024-03-28 00:15:00,22.9209328
2024-03-28 00:20:00,22.824791
2024-03-28 00:25:00,22.824791
2024-03-28 00:30:00,22.7286491
2024-03-28 00:35:00,22.7286491
2024-03-28 00:40:00,22.8153667
2024-03-28 00:45:00,22.7658997
2024-03-28 00:50:00,22.7810459
2024-03-28 00:55:00,22.7478771
2024-03-28 01:00:00,22.7551327
2024-03-28 01:05:00,22.7185574
2024-03-28 01:10:00,22.6325073
2024-03-28 01:15:00,22.6325073
2024-03-28 01:20:00,22.5726185
2024-03-28 01:25:00,22.6103554
2024-03-28 01:30:00,22.5363655
2024-03-28 01:35:00,22.5363655
2024-03-28 01:40:00,22.5363655
2024-03-28 01:45:00,22.5363655
2024-03-28 01:50:00,22.5363655
2024-03-28 01:55:00,22.5363655
2024-03-28 02:00:00,22.5363655
2024-03-28 02:05:00,22.5363655
2024-03-28 02:10:00,22.5460072
2024-03-28 02:15:00,22.5363655
2024-03-28 02:20:00,22.5126801
2024-03-28 02:25:00,22.4402237
2024-03-28 02:30:00,22.4402237
2024-03-28 02:35:00,22.4402237
2024-03-28 02:40:00,22.4402237
2024-03-28 02:45:00,22.4402237
2024-03-28 02:50:00,22.4402237
2024-03-28 02:55:00,22.4402237
2024-03-28 03:00:00,22.4402237
2024-03-28 03:05:00,22.4402237
2024-03-28 03:10:00,22.4402237
2024-03-28 03:15:00,22.4402237
2024-03-28 03:20:00,22.4402237
2024-03-28 03:25:00,22.4402237
2024-03-28 03:30:00,22.4402237
2024-03-28 03:35:00,22.4402237
2024-03-28 03:40:00,22.449297
2024-03-28 03:45:00,22.4402237
2024-03-28 03:50:00,22.4402237
2024-03-28 03:55:00,22.4402237
2024-03-28 04:00:00,22.4402237
2024-03-28 04:05:00,22.4402237
2024-03-28 04:10:00,22.4402237
2024-03-28 04:15:00,22.4402237
2024-03-28 04:20:00,22.4402237
2024-03-28 04:25:00,22.4402237
2024-03-28 04:30:00,22.4402237
2024-03-28 04:35:00,22.4402237
2024-03-28 04:40:00,22.4402237
2024-03-28 04:45:00,22.4402237
2024-03-28 04:50:00,22.4402237
2024-03-28 04:55:00,22.4402237
2024-03-28 05:00:00,22.4402237
2024-03-28 05:05:00,22.4766617
2024-03-28 05:10:00,22.4906082
2024-03-28 05:15:00,22.4758606
2024-03-28 05:20:00,22.4402237
2024-03-28 05:25:00,22.4402237
2024-03-28 05:30:00,22.4402237
2024-03-28 05:35:00,22.3440819
2024-03-28 05:40:00,22.3584442
2024-03-28 05:45:00,22.4209957
2024-03-28 05:50:00,22.4402237
2024-03-28 05:55:00,22.5038548
2024-03-28 06:00:00,22.4402237
2024-03-28 06:05:00,22.4955101
2024-03-28 06:10:00,22.5363655
2024-03-28 06:15:00,22.590517
2024-03-28 06:20:00,22.6325073
2024-03-28 06:25:00,22.7286491
2024-03-28 06:30:00,22.7286491
2024-03-28 06:35:00,22.824791
2024-03-28 06:40:00,22.824791
2024-03-28 06:45:00,22.824791
2024-03-28 06:50:00,22.824791
2024-03-28 06:55:00,22.824791
2024-03-28 07:00:00,22.824791
2024-03-28 07:05:00,22.8346367
2024-03-28 07:10:00,22.90555
2024-03-28 07:15:00,22.9209328
2024-03-28 07:20:00,22.8864498
2024-03-28 07:25:00,22.90555
2024-03-28 07:30:00,22.9209328
2024-03-28 07:35:00,22.9209328
2024-03-28 07:40:00,22.9209328
2024-03-28 07:45:00,22.9209328
2024-03-28 07:50:00,22.9209328
2024-03-28 07:55:00,22.9555435
2024-03-28 08:00:00,23.0322704
2024-03-28 08:05:00,23.1132164
2024-03-28 08:10:00,23.1132164
2024-03-28 08:15:00,23.1132164
2024-03-28 08:20:00,23.0170746
2024-03-28 08:25:00,23.0374279
2024-03-28 08:30:00,23.1132164
2024-03-28 08:35:00,23.1132164
2024-03-28 08:40:00,23.0170746
2024-03-28 08:45:00,23.0170746
2024-03-28 08:50:00,23.0170746
2024-03-28 08:55:00,23.0170746
2024-03-28 09:00:00,23.0268707
2024-03-28 09:05:00,23.0170746
2024-03-28 09:10:00,23.0170746
2024-03-28 09:15:00,23.1132164
2024-03-28 09:20:00,23.2093582
2024-03-28 09:25:00,23.2093582
2024-03-28 09:30:00,23.2093582
2024-03-28 09:35:00,23.2093582
2024-03-28 09:40:00,23.257082
2024-03-28 09:45:00,23.2778111
2024-03-28 09:50:00,23.2285862
2024-03-28 09:55:00,23.3055
2024-03-28 10:00:00,23.3055
2024-03-28 10:05:00,23.3055
2024-03-28 10:10:00,23.3055
2024-03-28 10:15:00,23.3055
2024-03-28 10:20:00,23.2787018
2024-03-28 10:25:00,23.3055
2024-03-28 10:30:00,23.2475014
2024-03-28 10:35:00,23.2093582
2024-03-28 10:40:00,23.3055
2024-03-28 10:45:00,23.3055
2024-03-28 10:50:00,23.3153458
2024-03-28 10:55:00,23.3055
2024-03-28 11:00:00,23.3055
2024-03-28 11:05:00,23.3055
2024-03-28 11:10:00,23.3862591
2024-03-28 11:15:00,23.3778744
2024-03-28 11:20:00,23.3418274
2024-03-28 11:25:00,23.3336487
2024-03-28 11:30:00,23.3324337
2024-03-28 11:35:00,23.4016418
2024-03-28 11:40:00,23.3055
2024-03-28 11:45:00,23.2295399
2024-03-28 11:50:00,23.3055
2024-03-28 11:55:00,23.3055
2024-03-28 12:00:00,23.3178062
2024-03-28 12:05:00,23.4016418
2024-03-28 12:10:00,23.4016418
2024-03-28 12:15:00,23.4977837
2024-03-28 12:20:00,23.5662365
2024-03-28 12:25:00,23.546402
2024-03-28 12:30:00,23.5939255
2024-03-28 12:35:00,23.5939255
2024-03-28 12:40:00,23.6028366
2024-03-28 12:45:00,23.5939255
2024-03-28 12:50:00,23.6900673
2024-03-28 12:55:00,23.5939255
2024-03-28 13:00:00,23.5939255
2024-03-28 13:05:00,23.5939255
2024-03-28 13:10:00,23.5939255
2024-03-28 13:15:00,23.5939255
2024-03-28 13:20:00,23.5242462
2024-03-28 13:25:00,23.4977837
2024-03-28 13:30:00,23.4016418
2024-03-28 13:35:00,23.4016418
2024-03-28 13:40:00,23.4016418
2024-03-28 13:45:00,23.4016418
2024-03-28 13:50:00,23.4016418
2024-03-28 13:55:00,23.4016418
2024-03-28 14:00:00,23.3055
2024-03-28 14:05:00,23.4016418
2024-03-28 14:10:00,23.3055
2024-03-28 14:15:00,23.3268242
2024-03-28 14:20:00,23.3055
2024-03-28 14:25:00,23.3055
2024-03-28 14:30:00,23.2093582
2024-03-28 14:35:00,23.2551651
2024-03-28 14:40:00,23.2093582
2024-03-28 14:45:00,23.2093582
2024-03-28 14:50:00,23.177824
2024-03-28 14:55:00,23.1132164
2024-03-28 15:00:00,23.1132164
2024-03-28 15:05:00,23.1132164
2024-03-28 15:10:00,23.1132164
2024-03-28 15:15:00,23.1132164
2024-03-28 15:20:00,23.1132164
2024-03-28 15:25:00,23.1338348
2024-03-28 15:30:00,23.2093582
2024-03-28 15:35:00,23.1466217
2024-03-28 15:40:00,23.2093582
2024-03-28 15:45:00,23.1132164
2024-03-28 15:50:00,23.1132164
2024-03-28 15:55:00,23.1132164
2024-03-28 16:00:00,23.1132164
2024-03-28 16:05:00,23.0170746
2024-03-28 16:10:00,23.0170746
2024-03-28 16:15:00,23.0047684
2024-03-28 16:20:00,22.9209328
2024-03-28 16:25:00,22.9209328
2024-03-28 16:30:00,22.8924694
2024-03-28 16:35:00,22.824791
2024-03-28 16:40:00,22.824791
2024-03-28 16:45:00,22.8047905
2024-03-28 16:50:00,22.8015327
2024-03-28 16:55:00,22.7286491
2024-03-28 17:00:00,22.7286491
2024-03-28 17:05:00,22.7286491
2024-03-28 17:10:00,22.7286491
2024-03-28 17:15:00,22.824791
2024-03-28 17:20:00,22.8449726
2024-03-28 17:25:00,22.8737221
2024-03-28 17:30:00,22.9209328
2024-03-28 17:35:00,22.9209328
2024-03-28 17:40:00,22.9978466
2024-03-28 17:45:00,22.967268
2024-03-28 17:50:00,23.0170746
2024-03-28 17:55:00,23.0170746
2024-03-28 18:00:00,23.0170746
2024-03-28 18:05:00,23.0170746
2024-03-28 18:10:00,23.0170746
2024-03-28 18:15:00,23.0170746
2024-03-28 18:20:00,23.0170746
2024-03-28 18:25:00,23.0170746
2024-03-28 18:30:00,23.0170746
2024-03-28 18:35:00,22.9751682
2024-03-28 18:40:00,22.9209328
2024-03-28 18:45:00,22.9209328
2024-03-28 18:50:00,22.824791
2024-03-28 18:55:00,22.824791
2024-03-28 19:00:00,22.7286491
2024-03-28 19:05:00,22.7286491
2024-03-28 19:10:00,22.7132664
2024-03-28 19:15:00,22.7286491
2024-03-28 19:20:00,22.6325073
2024-03-28 19:25:00,22.6325073
2024-03-28 19:30:00,22.6325073
2024-03-28 19:35:00,22.6546593
2024-03-28 19:40:00,22.6325073
2024-03-28 19:45:00,22.7286491
2024-03-28 19:50:00,22.7286491
2024-03-28 19:55:00,22.7286491
2024-03-28 20:00:00,22.7286491
2024-03-28 20:05:00,22.824791
2024-03-28 20:10:00,22.824791
2024-03-28 20:15:00,23.0170746
2024-03-28 20:20:00,23.0170746
2024-03-28 20:25:00,23.0170746
2024-03-28 20:30:00,23.0864925
2024-03-28 20:35:00,23.1132164
2024-03-28 20:40:00,23.1132164
2024-03-28 20:45:00,23.1132164
2024-03-28 20:50:00,23.0939884
2024-03-28 20:55:00,23.1013088
2024-03-28 21:00:00,23.1132164
2024-03-28 21:05:00,23.1132164
2024-03-28 21:10:00,23.138443
2024-03-28 21:15:00,23.2093582
2024-03-28 21:20:00,23.2093582
2024-03-28 21:25:00,23.2192039
2024-03-28 21:30:00,23.2093582
2024-03-28 21:35:00,23.3055
2024-03-28 21:40:00,23.2770481
2024-03-28 21:45:00,23.2093582
2024-03-28 21:50:00,23.2093582
2024-03-28 21:55:00,23.2093582
2024-03-28 22:00:00,23.2093582
2024-03-28 22:05:00,23.1939754
2024-03-28 22:10:00,23.2093582
2024-03-28 22:15:00,23.2093582
2024-03-28 22:20:00,23.2093582
2024-03-28 22:25:00,23.2093582
2024-03-28 22:30:00,23.2310429
2024-03-28 22:35:00,23.2379074
2024-03-28 22:40:00,23.2093582
2024-03-28 22:45:00,23.2093582
2024-03-28 22:50:00,23.2093582
2024-03-28 22:55:00,23.2093582
2024-03-28 23:00:00,23.086647
2024-03-28 23:05:00,22.9209328
2024-03-28 23:10:00,22.8607273
2024-03-28 23:15:00,22.824791
2024-03-28 23:20:00,22.7409554
2024-03-28 23:25:00,22.6546135
2024-03-28 23:30:00,22.6325073
2024-03-28 23:35:00,22.6325073
2024-03-28 23:40:00,22.6011944
2024-03-28 23:45:00,22.5363655
2024-03-28 23:50:00,22.5486717
2024-03-28 23:55:00,22.5363655
2024-03-29 00:00:00,22.5363655
2024-03-29 00:05:00,22.5363655
2024-03-29 00:10:00,22.5363655
2024-03-29 00:15:00,22.5363655
2024-03-29 00:20:00,22.5363655
2024-03-29 00:25:00,22.5363655
2024-03-29 00:30:00,22.5920925
2024-03-29 00:35:00,22.5363655
2024-03-29 00:40:00,22.5363655
2024-03-29 00:45:00,22.5363655
2024-03-29 00:50:00,22.5363655
2024-03-29 00:55:00,22.5363655
2024-03-29 01:00:00,22.5363655
2024-03-29 01:05:00,22.5363655
2024-03-29 01:10:00,22.5363655
2024-03-29 01:15:00,22.4402237
2024-03-29 01:20:00,22.4402237
2024-03-29 01:25:00,22.4402237
2024-03-29 01:30:00,22.4402237
2024-03-29 01:35:00,22.4402237
2024-03-29 01:40:00,22.4202766
2024-03-29 01:45:00,22.3440819
2024-03-29 01:50:00,22.35392
2024-03-29 01:55:00,22.3440819
2024-03-29 02:00:00,22.3440819
2024-03-29 02:05:00,22.3440819
2024-03-29 02:10:00,22.3440819
2024-03-29 02:15:00,22.3440819
2024-03-29 02:20:00,22.4083939
2024-03-29 02:25:00,22.4402237
2024-03-29 02:30:00,22.3574085
2024-03-29 02:35:00,22.3671417
2024-03-29 02:40:00,22.3440819
2024-03-29 02:45:00,22.3440819
2024-03-29 02:50:00,22.3440819
2024-03-29 02:55:00,22.3440819
2024-03-29 03:00:00,22.3440819
2024-03-29 03:05:00,22.4106903
2024-03-29 03:10:00,22.3668442
2024-03-29 03:15:00,22.3440819
2024-03-29 03:20:00,22.3765659
2024-03-29 03:25:00,22.3718128
2024-03-29 03:30:00,22.3440819
2024-03-29 03:35:00,22.3440819
2024-03-29 03:40:00,22.3440819
2024-03-29 03:45:00,22.3440819
2024-03-29 03:50:00,22.3440819
2024-03-29 03:55:00,22.3440819
2024-03-29 04:00:00,22.3440819
2024-03-29 04:05:00,22.3440819
2024-03-29 04:10:00,22.3440819
2024-03-29 04:15:00,22.3440819
2024-03-29 04:20:00,22.3440819
2024-03-29 04:25:00,22.3440819
2024-03-29 04:30:00,22.3873768
2024-03-29 04:35:00,22.3908691
2024-03-29 04:40:00,22.3440819
2024-03-29 04:45:00,22.3440819
2024-03-29 04:50:00,22.294651
2024-03-29 04:55:00,22.2586403
2024-03-29 05:00:00,22.2770138
2024-03-29 05:05:00,22.2479401
2024-03-29 05:10:00,22.2287121
2024-03-29 05:15:00,22.2479401
2024-03-29 05:20:00,22.2479401
2024-03-29 05:25:00,22.2479401
2024-03-29 05:30:00,22.2479401
2024-03-29 05:35:00,22.2479401
2024-03-29 05:40:00,22.2479401
2024-03-29 05:45:00,22.2479401
2024-03-29 05:50:00,22.3440819
2024-03-29 05:55:00,22.3248539
2024-03-29 06:00:00,22.3440819
2024-03-29 06:05:00,22.4106789
2024-03-29 06:10:00,22.3440819
2024-03-29 06:15:00,22.4402237
2024-03-29 06:20:00,22.5171375
2024-03-29 06:25:00,22.5363655
2024-03-29 06:30:00,22.6111908
2024-03-29 06:35:00,22.6325073
2024-03-29 06:40:00,22.6542263
2024-03-29 06:45:00,22.7384949
2024-03-29 06:50:00,22.7923241
2024-03-29 06:55:00,22.824791
2024-03-29 07:00:00,22.824791
2024-03-29 07:05:00,22.824791
2024-03-29 07:10:00,22.894289
2024-03-29 07:15:00,22.9209328
2024-03-29 07:20:00,22.9209328
2024-03-29 07:25:00,22.824791
2024-03-29 07:30:00,22.824791
2024-03-29 07:35:00,22.824791
2024-03-29 07:40:00,22.9209328
2024-03-29 07:45:00,22.9209328
2024-03-29 07:50:00,22.867445
2024-03-29 07:55:00,22.824791
2024-03-29 08:00:00,22.8803673
2024-03-29 08:05:00,22.9209328
2024-03-29 08:10:00,22.9209328
2024-03-29 08:15:00,22.9921188
2024-03-29 08:20:00,23.0170746
2024-03-29 08:25:00,23.0735645
2024-03-29 08:30:00,23.1132164
2024-03-29 08:35:00,23.1132164
2024-03-29 08:40:00,23.1132164
2024-03-29 08:45:00,23.2093582
2024-03-29 08:50:00,23.2093582
2024-03-29 08:55:00,23.2093582
2024-03-29 09:00:00,23.2093582
2024-03-29 09:05:00,23.1801128
2024-03-29 09:10:00,23.1132164
2024-03-29 09:15:00,23.0170746
2024-03-29 09:20:00,23.0170746
2024-03-29 09:25:00,23.0170746
2024-03-29 09:30:00,23.0170746
2024-03-29 09:35:00,22.9209328
2024-03-29 09:40:00,23.0170746
2024-03-29 09:45:00,23.0063744
2024-03-29 09:50:00,22.9209328
2024-03-29 09:55:00,22.9209328
2024-03-29 10:00:00,22.9209328
2024-03-29 10:05:00,22.9209328
2024-03-29 10:10:00,22.9442711
2024-03-29 10:15:00,22.9209328
2024-03-29 10:20:00,23.0170746
2024-03-29 10:25:00,23.0170746
2024-03-29 10:30:00,23.0170746
2024-03-29 10:35:00,22.9209328
2024-03-29 10:40:00,22.9209328
2024-03-29 10:45:00,22.9209328
2024-03-29 10:50:00,23.0170746
2024-03-29 10:55:00,23.0170746
2024-03-29 11:00:00,23.0170746
2024-03-29 11:05:00,23.1132164
2024-03-29 11:10:00,23.126133
2024-03-29 11:15:00,23.2093582
2024-03-29 11:20:00,23.3055
2024-03-29 11:25:00,23.3055
2024-03-29 11:30:00,23.3055
2024-03-29 11:35:00,23.4016418
2024-03-29 11:40:00,23.4208698
2024-03-29 11:45:00,23.4977837
2024-03-29 11:50:00,23.5939255
2024-03-29 11:55:00,23.5939255
2024-03-29 12:00:00,23.5939255
2024-03-29 12:05:00,23.5939255
2024-03-29 12:10:00,23.6062317
2024-03-29 12:15:00,23.6131535
2024-03-29 12:20:00,23.7092953
2024-03-29 12:25:00,23.7225475
2024-03-29 12:30:00,23.7862091
2024-03-29 12:35:00,23.7862091
2024-03-29 12:40:00,23.8197823
2024-03-29 12:45:00,23.7862091
2024-03-29 12:50:00,23.7862091
2024-03-29 12:55:00,23.7862091
2024-03-29 13:00:00,23.6900673
2024-03-29 13:05:00,23.7133255
2024-03-29 13:10:00,23.7054501
2024-03-29 13:15:00,23.6900673
2024-03-29 13:20:00,23.6900673
2024-03-29 13:25:00,23.6900673
2024-03-29 13:30:00,23.5939255
2024-03-29 13:35:00,23.4016418
2024-03-29 13:40:00,23.4016418
2024-03-29 13:45:00,23.3055
2024-03-29 13:50:00,23.3055
2024-03-29 13:55:00,23.2849464
2024-03-29 14:00:00,23.3055
2024-03-29 14:05:00,23.2093582
2024-03-29 14:10:00,23.2374935
2024-03-29 14:15:00,23.2093582
2024-03-29 14:20:00,23.2093582
2024-03-29 14:25:00,23.1132164
2024-03-29 14:30:00,23.1132164
2024-03-29 14:35:00,23.1401405
2024-03-29 14:40:00,23.2093582
2024-03-29 14:45:00,23.2093582
2024-03-29 14:50:00,23.2093582
2024-03-29 14:55:00,23.240778
2024-03-29 15:00:00,23.2093582
2024-03-29 15:05:00,23.2093582
2024-03-29 15:10:00,23.2093582
2024-03-29 15:15:00,23.3055
2024-03-29 15:20:00,23.3191833
2024-03-29 15:25:00,23.3281231
2024-03-29 15:30:00,23.4016418
2024-03-29 15:35:00,23.4016418
2024-03-29 15:40:00,23.4016418
2024-03-29 15:45:00,23.4016418
2024-03-29 15:50:00,23.4016418
2024-03-29 15:55:00,23.3917961
2024-03-29 16:00:00,23.3055
2024-03-29 16:05:00,23.2093582
2024-03-29 16:10:00,23.2093582
2024-03-29 16:15:00,23.2093582
2024-03-29 16:20:00,23.2093582
2024-03-29 16:25:00,23.1769791
2024-03-29 16:30:00,23.1132164
2024-03-29 16:35:00,23.1132164
2024-03-29 16:40:00,23.0414791
2024-03-29 16:45:00,23.1132164
2024-03-29 16:50:00,23.2093582
2024-03-29 16:55:00,23.2093582
2024-03-29 17:00:00,23.1132164
2024-03-29 17:05:00,23.1132164
2024-03-29 17:10:00,23.1132164
2024-03-29 17:15:00,23.1547718
2024-03-29 17:20:00,23.1132164
2024-03-29 17:25:00,23.1708412
2024-03-29 17:30:00,23.2093582
2024-03-29 17:35:00,23.3055
2024-03-29 17:40:00,23.3055
2024-03-29 17:45:00,23.3920784
2024-03-29 17:50:00,23.3539124
2024-03-29 17:55:00,23.4016418
2024-03-29 18:00:00,23.4016418
2024-03-29 18:05:00,23.3173199
2024-03-29 18:10:00,23.3055
2024-03-29 18:15:00,23.3055
2024-03-29 18:20:00,23.2093582
2024-03-29 18:25:00,23.2093582
2024-03-29 18:30:00,23.1495438
2024-03-29 18:35:00,23.2093582
2024-03-29 18:40:00,23.1847839
2024-03-29 18:45:00,23.1738605
2024-03-29 18:50:00,23.0170746
2024-03-29 18:55:00,23.0170746
2024-03-29 19:00:00,23.0170746
2024-03-29 19:05:00,22.9209328
2024-03-29 19:10:00,23.0170746
2024-03-29 19:15:00,22.9209328
2024-03-29 19:20:00,22.9209328
2024-03-29 19:25:00,22.9401608
2024-03-29 19:30:00,23.0170746
2024-03-29 19:35:00,23.1132164
2024-03-29 19:40:00,23.1132164
2024-03-29 19:45:00,23.0433044
2024-03-29 19:50:00,22.9598408
2024-03-29 19:55:00,23.0170746
2024-03-29 20:00:00,22.9705811
2024-03-29 20:05:00,22.9209328
2024-03-29 20:10:00,22.9209328
2024-03-29 20:15:00,23.0564651
2024-03-29 20:20:00,23.1132164
2024-03-29 20:25:00,23.0170746
2024-03-29 20:30:00,23.0686378
2024-03-29 20:35:00,23.1132164
2024-03-29 20:40:00,23.1979446
2024-03-29 20:45:00,23.2093582
2024-03-29 20:50:00,23.2764263
2024-03-29 20:55:00,23.3055
2024-03-29 21:00:00,23.258358
2024-03-29 21:05:00,23.2426758
2024-03-29 21:10:00,23.2521172
2024-03-29 21:15:00,23.2093582
2024-03-29 21:20:00,23.2093582
2024-03-29 21:25:00,23.2093582
2024-03-29 21:30:00,23.2093582
2024-03-29 21:35:00,23.2093582
2024-03-29 21:40:00,23.1132164
2024-03-29 21:45:00,23.2093582
2024-03-29 21:50:00,23.1132164
2024-03-29 21:55:00,23.1132164
2024-03-29 22:00:00,23.0754833
2024-03-29 22:05:00,23.1132164
2024-03-29 22:10:00,23.1699486
2024-03-29 22:15:00,23.2093582
2024-03-29 22:20:00,23.2820358
2024-03-29 22:25:00,23.2093582
2024-03-29 22:30:00,23.2093582
2024-03-29 22:35:00,23.2901173
2024-03-29 22:40:00,23.2093582
2024-03-29 22:45:00,23.1132164
2024-03-29 22:50:00,23.0336037
2024-03-29 22:55:00,23.0170746
2024-03-29 23:00:00,22.9209328
2024-03-29 23:05:00,22.9071426
2024-03-29 23:10:00,22.824791
2024-03-29 23:15:00,22.824791
2024-03-29 23:20:00,22.8345604
2024-03-29 23:25:00,22.824791
2024-03-29 23:30:00,22.7286491
2024-03-29 23:35:00,22.7286491
2024-03-29 23:40:00,22.7286491
2024-03-29 23:45:00,22.7286491
2024-03-29 23:50:00,22.6325073
2024-03-29 23:55:00,22.6325073
2024-03-30 00:00:00,22.5486717
2024-03-30 00:05:00,22.5363655
2024-03-30 00:10:00,22.5363655
2024-03-30 00:15:00,22.4402237
2024-03-30 00:20:00,22.4402237
2024-03-30 00:25:00,22.4402237
2024-03-30 00:30:00,22.4402237
2024-03-30 00:35:00,22.3440819
2024-03-30 00:40:00,22.3440819
2024-03-30 00:45:00,22.3555775
2024-03-30 00:50:00,22.4402237
2024-03-30 00:55:00,22.4556065
2024-03-30 01:00:00,22.4402237
2024-03-30 01:05:00,22.46945
2024-03-30 01:10:00,22.4402237
2024-03-30 01:15:00,22.4402237
2024-03-30 01:20:00,22.4402237
2024-03-30 01:25:00,22.4402237
2024-03-30 01:30:00,22.4402237
2024-03-30 01:35:00,22.4402237
2024-03-30 01:40:00,22.423008
2024-03-30 01:45:00,22.3579597
2024-03-30 01:50:00,22.3559895
2024-03-30 01:55:00,22.3440819
2024-03-30 02:00:00,22.3440819
2024-03-30 02:05:00,22.3440819
2024-03-30 02:10:00,22.3440819
2024-03-30 02:15:00,22.3440819
2024-03-30 02:20:00,22.2479401
2024-03-30 02:25:00,22.2479401
2024-03-30 02:30:00,22.2479401
2024-03-30 02:35:00,22.2479401
2024-03-30 02:40:00,22.2479401
2024-03-30 02:45:00,22.3094711
2024-03-30 02:50:00,22.3248539
2024-03-30 02:55:00,22.3440819
2024-03-30 03:00:00,22.3104935
2024-03-30 03:05:00,22.2479401
2024-03-30 03:10:00,22.2479401
2024-03-30 03:15:00,22.2479401
2024-03-30 03:20:00,22.2479401
2024-03-30 03:25:00,22.2479401
2024-03-30 03:30:00,22.2577858
2024-03-30 03:35:00,22.3440819
2024-03-30 03:40:00,22.3317757
2024-03-30 03:45:00,22.2479401
2024-03-30 03:50:00,22.2479401
2024-03-30 03:55:00,22.2479401
2024-03-30 04:00:00,22.2479401
2024-03-30 04:05:00,22.1517982
2024-03-30 04:10:00,22.161644
2024-03-30 04:15:00,22.1754723
2024-03-30 04:20:00,22.2479401
2024-03-30 04:25:00,22.2479401
2024-03-30 04:30:00,22.2479401
2024-03-30 04:35:00,22.2247849
2024-03-30 04:40:00,22.1517982
2024-03-30 04:45:00,22.1138535
2024-03-30 04:50:00,22.0556564
2024-03-30 04:55:00,22.0556564
2024-03-30 05:00:00,22.0556564
2024-03-30 05:05:00,22.0556564
2024-03-30 05:10:00,22.0556564
2024-03-30 05:15:00,22.0417385
2024-03-30 05:20:00,22.006731
2024-03-30 05:25:00,21.9595146
2024-03-30 05:30:00,22.0364285
2024-03-30 05:35:00,22.0556564
2024-03-30 05:40:00,22.0556564
2024-03-30 05:45:00,22.1517982
2024-03-30 05:50:00,22.2044983
2024-03-30 05:55:00,22.2479401
2024-03-30 06:00:00,22.2479401
2024-03-30 06:05:00,22.4402237
2024-03-30 06:10:00,22.4402237
2024-03-30 06:15:00,22.5363655
2024-03-30 06:20:00,22.6325073
2024-03-30 06:25:00,22.7286491
2024-03-30 06:30:00,22.7286491
2024-03-30 06:35:00,22.7549725
2024-03-30 06:40:00,22.824791
2024-03-30 06:45:00,22.824791
2024-03-30 06:50:00,22.9209328
2024-03-30 06:55:00,22.9209328
2024-03-30 07:00:00,22.9209328
2024-03-30 07:05:00,22.9209328
2024-03-30 07:10:00,22.9953899
2024-03-30 07:15:00,23.0170746
2024-03-30 07:20:00,23.0170746
2024-03-30 07:25:00,23.0170746
2024-03-30 07:30:00,23.1132164
2024-03-30 07:35:00,23.1051826
2024-03-30 07:40:00,23.0363026
2024-03-30 07:45:00,23.0293808
2024-03-30 07:50:00,23.0170746
2024-03-30 07:55:00,23.0170746
2024-03-30 08:00:00,23.0170746
2024-03-30 08:05:00,23.0718365
2024-03-30 08:10:00,23.0356808
2024-03-30 08:15:00,23.1132164
2024-03-30 08:20:00,23.1132164
2024-03-30 08:25:00,23.1132164
2024-03-30 08:30:00,23.1318207
2024-03-30 08:35:00,23.2093582
2024-03-30 08:40:00,23.2093582
2024-03-30 08:45:00,23.2093582
2024-03-30 08:50:00,23.2093582
2024-03-30 08:55:00,23.2093582
2024-03-30 09:00:00,23.2093582
2024-03-30 09:05:00,23.2093582
2024-03-30 09:10:00,23.3055
2024-03-30 09:15:00,23.3145733
2024-03-30 09:20:00,23.3257751
2024-03-30 09:25:00,23.324728
2024-03-30 09:30:00,23.3055
2024-03-30 09:35:00,23.3055
2024-03-30 09:40:00,23.3055
2024-03-30 09:45:00,23.3055
2024-03-30 09:50:00,23.3055
2024-03-30 09:55:00,23.3055
2024-03-30 10:00:00,23.2192039
2024-03-30 10:05:00,23.2093582
2024-03-30 10:10:00,23.2093582
2024-03-30 10:15:00,23.2761307
2024-03-30 10:20:00,23.2901173
2024-03-30 10:25:00,23.3055
2024-03-30 10:30:00,23.3055
2024-03-30 10:35:00,23.3055
2024-03-30 10:40:00,23.2724934
2024-03-30 10:45:00,23.2093582
2024-03-30 10:50:00,23.2607365
2024-03-30 10:55:00,23.2199574
2024-03-30 11:00:00,23.3055
2024-03-30 11:05:00,23.2881527
2024-03-30 11:10:00,23.270607
2024-03-30 11:15:00,23.2838154
2024-03-30 11:20:00,23.3055
2024-03-30 11:25:00,23.3055
2024-03-30 11:30:00,23.3055
2024-03-30 11:35:00,23.2931938
2024-03-30 11:40:00,23.3055
2024-03-30 11:45:00,23.3055
2024-03-30 11:50:00,23.3789272
2024-03-30 11:55:00,23.4016418
2024-03-30 12:00:00,23.4016418
2024-03-30 12:05:00,23.4284897
2024-03-30 12:10:00,23.4530487
2024-03-30 12:15:00,23.4702759
2024-03-30 12:20:00,23.4683781
2024-03-30 12:25:00,23.4016418
2024-03-30 12:30:00,23.4977837
2024-03-30 12:35:00,23.525238
2024-03-30 12:40:00,23.5939255
2024-03-30 12:45:00,23.5939255
2024-03-30 12:50:00,23.5939255
2024-03-30 12:55:00,23.6093082
2024-03-30 13:00:00,23.5939255
2024-03-30 13:05:00,23.5939255
2024-03-30 13:10:00,23.6461754
2024-03-30 13:15:00,23.6187229
2024-03-30 13:20:00,23.4977837
2024-03-30 13:25:00,23.4977837
2024-03-30 13:30:00,23.5939255
2024-03-30 13:35:00,23.5939255
2024-03-30 13:40:00,23.5746975
2024-03-30 13:45:00,23.5939255
2024-03-30 13:50:00,23.5479126
2024-03-30 13:55:00,23.5691643
2024-03-30 14:00:00,23.4977837
2024-03-30 14:05:00,23.5649014
2024-03-30 14:10:00,23.5840797
2024-03-30 14:15:00,23.4977837
2024-03-30 14:20:00,23.4016418
2024-03-30 14:25:00,23.4016418
2024-03-30 14:30:00,23.4016418
2024-03-30 14:35:00,23.3055
2024-03-30 14:40:00,23.2093582
2024-03-30 14:45:00,23.2093582
2024-03-30 14:50:00,23.224741
2024-03-30 14:55:00,23.2676659
2024-03-30 15:00:00,23.2590637
2024-03-30 15:05:00,23.2737503
2024-03-30 15:10:00,23.1642647
2024-03-30 15:15:00,23.2093582
2024-03-30 15:20:00,23.1230621
2024-03-30 15:25:00,23.1487541
2024-03-30 15:30:00,23.3055
2024-03-30 15:35:00,23.3055
2024-03-30 15:40:00,23.3055
2024-03-30 15:45:00,23.3055
2024-03-30 15:50:00,23.2192039
2024-03-30 15:55:00,23.3055
2024-03-30 16:00:00,23.3055
2024-03-30 16:05:00,23.27248
2024-03-30 16:10:00,23.3055
2024-03-30 16:15:00,23.3055
2024-03-30 16:20:00,23.3055
2024-03-30 16:25:00,23.3387165
2024-03-30 16:30:00,23.3055
2024-03-30 16:35:00,23.3055
2024-03-30 16:40:00,23.2725697
2024-03-30 16:45:00,23.2549915
2024-03-30 16:50:00,23.3055
2024-03-30 16:55:00,23.3055
2024-03-30 17:00:00,23.3055
2024-03-30 17:05:00,23.3055
2024-03-30 17:10:00,23.3055
2024-03-30 17:15:00,23.3055
2024-03-30 17:20:00,23.3055
2024-03-30 17:25:00,23.4016418
2024-03-30 17:30:00,23.4139481
2024-03-30 17:35:00,23.4354286
2024-03-30 17:40:00,23.4854774
2024-03-30 17:45:00,23.4977837
2024-03-30 17:50:00,23.4977837
2024-03-30 17:55:00,23.4977837
2024-03-30 18:00:00,23.4977837
2024-03-30 18:05:00,23.4977837
2024-03-30 18:10:00,23.4977837
2024-03-30 18:15:00,23.4977837
2024-03-30 18:20:00,23.5939255
2024-03-30 18:25:00,23.5939255
2024-03-30 18:30:00,23.5939255
2024-03-30 18:35:00,23.4977837
2024-03-30 18:40:00,23.5939255
2024-03-30 18:45:00,23.5840797
2024-03-30 18:50:00,23.5939255
2024-03-30 18:55:00,23.5840797
2024-03-30 19:00:00,23.4977837
2024-03-30 19:05:00,23.4977837
2024-03-30 19:10:00,23.4977837
2024-03-30 19:15:00,23.4977837
2024-03-30 19:20:00,23.3055
2024-03-30 19:25:00,23.3055
2024-03-30 19:30:00,23.3055
2024-03-30 19:35:00,23.2093582
2024-03-30 19:40:00,23.2093582
2024-03-30 19:45:00,23.1132164
2024-03-30 19:50:00,23.1132164
2024-03-30 19:55:00,23.1132164
2024-03-30 20:00:00,23.2093582
2024-03-30 20:05:00,23.2093582
2024-03-30 20:10:00,23.1132164
2024-03-30 20:15:00,23.2093582
2024-03-30 20:20:00,23.2093582
2024-03-30 20:25:00,23.1132164
2024-03-30 20:30:00,23.0170746
2024-03-30 20:35:00,23.0170746
2024-03-30 20:40:00,23.0170746
2024-03-30 20:45:00,23.0762596
2024-03-30 20:50:00,23.1132164
2024-03-30 20:55:00,23.1132164
2024-03-30 21:00:00,23.0670948
2024-03-30 21:05:00,23.1132164
2024-03-30 21:10:00,23.1565208
2024-03-30 21:15:00,23.1719875
2024-03-30 21:20:00,23.2093582
2024-03-30 21:25:00,23.2093582
2024-03-30 21:30:00,23.2093582
2024-03-30 21:35:00,23.2093582
2024-03-30 21:40:00,23.2093582
2024-03-30 21:45:00,23.3055
2024-03-30 21:50:00,23.3055
2024-03-30 21:55:00,23.3055
2024-03-30 22:00:00,23.2856197
2024-03-30 22:05:00,23.3055
2024-03-30 22:10:00,23.3055
2024-03-30 22:15:00,23.3055
2024-03-30 22:20:00,23.3055
2024-03-30 22:25:00,23.3055
2024-03-30 22:30:00,23.3148575
2024-03-30 22:35:00,23.3055
2024-03-30 22:40:00,23.2093582
2024-03-30 22:45:00,23.1132164
2024-03-30 22:50:00,23.0170746
2024-03-30 22:55:00,23.0170746
2024-03-30 23:00:00,23.0170746
2024-03-30 23:05:00,23.0170746
2024-03-30 23:10:00,23.0170746
2024-03-30 23:15:00,22.9209328
2024-03-30 23:20:00,22.8766861
2024-03-30 23:25:00,22.824791
2024-03-30 23:30:00,22.824791
2024-03-30 23:35:00,22.8159084
2024-03-30 23:40:00,22.785574
2024-03-30 23:45:00,22.8094082
2024-03-30 23:50:00,22.824791
2024-03-30 23:55:00,22.824791
