Timestamp,ITB_VAV_A43_W3325_01_01_RT_AV_TL,ITB_VAV_A43_W3325_01_01_FLW_AV_TL,ITB_VAV_A43_W3325_01_01_CO2_TL
2024-03-24 00:00:00,21.8031712,86.9643936,551.886597
2024-03-24 00:15:00,21.8031712,83.7118378,591.935425
2024-03-24 00:30:00,21.6780949,82.6837082,600.247925
2024-03-24 00:45:00,21.6780949,87.8197632,577.77179
2024-03-24 01:00:00,21.6780949,76.4429398,586.562988
2024-03-24 01:15:00,21.6780949,88.7313004,594.865845
2024-03-24 01:30:00,21.6155491,88.7313004,599.731873
2024-03-24 01:45:00,21.6155491,88.7313004,602.680237
2024-03-24 02:00:00,21.5530186,84.6876755,586.562988
2024-03-24 02:15:00,21.5530186,87.7023087,580.603699
2024-03-24 02:30:00,21.5325279,88.1478729,568.980591
2024-03-24 02:45:00,21.5530186,88.7313004,546.016479
2024-03-24 03:00:00,21.5530186,88.7313004,541.673035
2024-03-24 03:15:00,21.4904881,88.7313004,526.988037
2024-03-24 03:30:00,21.4443264,88.7313004,526.001343
2024-03-24 03:45:00,21.4904881,88.7313004,505.839203
2024-03-24 04:00:00,21.427927,88.7313004,505.976898
2024-03-24 04:15:00,21.427927,88.7313004,504.023315
2024-03-24 04:30:00,21.4904881,88.7313004,507.162354
2024-03-24 04:45:00,21.427927,88.7313004,498.650879
2024-03-24 05:00:00,21.427927,88.7313004,500.604492
2024-03-24 05:15:00,21.302866,1187.07214,504.608093
2024-03-24 05:30:00,20.8650761,1307.19971,504.932556
2024-03-24 05:45:00,20.4273014,1303.39307,515.744934
2024-03-24 06:00:00,20.4273014,1299.61365,502.578156
2024-03-24 06:15:00,20.4898472,1309.82068,495.734802
2024-03-24 06:30:00,20.4273014,1318.11462,513.791321
2024-03-24 06:45:00,20.4273014,1317.36694,506.953705
2024-03-24 07:00:00,20.8025455,1331.60828,512.814575
2024-03-24 07:15:00,21.302866,1313.87671,518.675354
2024-03-24 07:30:00,21.427927,1337.34473,515.744934
2024-03-24 07:45:00,21.4904881,1322.57324,516.407104
2024-03-24 08:00:00,21.5530186,1353.01904,518.675354
2024-03-24 08:15:00,21.6155491,1302.64783,520.628967
2024-03-24 08:30:00,21.7406406,1313.65771,532.838928
2024-03-24 08:45:00,21.7406406,1329.37415,527.954956
2024-03-24 09:00:00,21.7406406,1308.52295,521.605774
2024-03-24 09:15:00,21.8031712,1322.43555,532.838928
2024-03-24 09:30:00,21.9282475,1309.94604,537.687744
2024-03-24 09:45:00,21.9907932,1311.81934,527.954956
2024-03-24 10:00:00,22.053339,1323.39819,519.652161
2024-03-24 10:15:00,22.053339,1306.9364,513.072266
2024-03-24 10:30:00,22.1784153,1314.69275,515.744934
2024-03-24 10:45:00,22.053339,1310.73901,502.558075
2024-03-24 11:00:00,22.053339,1309.99634,493.584839
2024-03-24 11:15:00,22.053339,1311.45813,506.953705
2024-03-24 11:30:00,22.053339,1318.1073,499.627686
2024-03-24 11:45:00,21.9602718,1310.55212,498.167572
2024-03-24 12:00:00,21.9282475,1310.19409,494.743683
2024-03-24 12:15:00,21.9282475,1313.14026,489.85968
2024-03-24 12:30:00,21.9282475,1309.67004,506.232941
2024-03-24 12:45:00,21.9282475,1291.48926,497.683289
2024-03-24 13:00:00,21.8031712,1320.66772,504.023315
2024-03-24 13:15:00,21.9907932,1333.32458,515.315186
2024-03-24 13:30:00,21.8031712,1289.37634,496.887299
2024-03-24 13:45:00,21.8031712,1308.41992,489.85968
2024-03-24 14:00:00,21.8031712,1302.06555,483.998871
2024-03-24 14:15:00,21.8657169,1315.05762,493.491913
2024-03-24 14:30:00,21.7406406,1324.79089,481.556885
2024-03-24 14:45:00,21.8031712,1321.29712,477.649689
2024-03-24 15:00:00,21.8031712,1315.29199,475.538666
2024-03-24 15:15:00,21.8657169,1317.41895,465.92807
2024-03-24 15:30:00,21.8657169,1311.63196,459.578857
2024-03-24 15:45:00,21.9282475,1306.46277,462.020874
2024-03-24 16:00:00,22.053339,1330.37061,454.622772
2024-03-24 16:15:00,21.9282475,1335.47937,459.578857
2024-03-24 16:30:00,21.8031712,1320.53699,446.880432
2024-03-24 16:45:00,21.9282475,1302.69128,461.763123
2024-03-24 17:00:00,21.9282475,1296.17505,458.602051
2024-03-24 17:15:00,21.9907932,1312.00098,462.997681
2024-03-24 17:30:00,21.8657169,1317.92883,456.228912
2024-03-24 17:45:00,21.8657169,1307.32861,448.847656
2024-03-24 18:00:00,21.8031712,1295.12524,451.764435
2024-03-24 18:15:00,22.3034916,1234.16833,457.159912
2024-03-24 18:30:00,22.4285679,983.634766,459.615448
2024-03-24 18:45:00,22.4080772,800.150146,477.649689
2024-03-24 19:00:00,22.4911137,789.87793,471.788879
2024-03-24 19:15:00,22.2409611,796.682861,464.96048
2024-03-24 19:30:00,22.053339,796.150696,450.787628
2024-03-24 19:45:00,22.0994778,787.449585,475.149078
2024-03-24 20:00:00,22.053339,784.079468,458.679474
2024-03-24 20:15:00,22.053339,781.867432,475.696075
2024-03-24 20:30:00,21.9907932,794.333862,470.812073
2024-03-24 20:45:00,22.053339,804.034302,470.839569
2024-03-24 21:00:00,22.1158695,778.350098,483.998871
2024-03-24 21:15:00,22.053339,790.150269,484.975677
2024-03-24 21:30:00,21.9907932,798.901794,497.620361
2024-03-24 21:45:00,22.1158695,795.223511,491.813263
2024-03-24 22:00:00,22.053339,784.692871,487.906067
2024-03-24 22:15:00,22.3034916,80.2803879,492.79007
2024-03-24 22:30:00,22.3660374,86.2333145,493.776337
2024-03-24 22:45:00,22.4285679,88.7313004,509.884125
2024-03-24 23:00:00,22.4285679,82.5532074,513.791321
2024-03-24 23:15:00,22.3660374,88.7313004,512.829346
2024-03-24 23:30:00,22.4285679,88.7313004,525.024536
2024-03-24 23:45:00,22.4911137,87.8395081,535.769348
2024-03-25 00:00:00,22.4911137,88.7313004,532.911011
2024-03-25 00:15:00,22.4911137,86.3167572,538.699768
2024-03-25 00:30:00,22.4911137,87.4965744,547.647278
2024-03-25 00:45:00,22.4911137,88.7313004,551.886597
2024-03-25 01:00:00,22.4911137,88.7313004,554.817017
2024-03-25 01:15:00,22.4285679,88.7313004,555.793762
2024-03-25 01:30:00,22.3660374,88.7313004,541.630127
2024-03-25 01:45:00,22.3660374,88.7313004,530.885315
2024-03-25 02:00:00,22.3034916,88.7313004,507.930511
2024-03-25 02:15:00,22.3034916,88.7313004,506.953705
2024-03-25 02:30:00,22.2409611,88.7313004,492.79007
2024-03-25 02:45:00,22.3034916,88.7313004,496.697266
2024-03-25 03:00:00,22.3034916,88.7313004,488.555084
2024-03-25 03:15:00,22.3034916,88.7313004,473.742493
2024-03-25 03:30:00,22.2409611,88.7313004,473.914307
2024-03-25 03:45:00,22.2409611,88.7313004,476.672882
2024-03-25 04:00:00,22.2409611,88.7313004,472.765686
2024-03-25 04:15:00,22.2409611,88.7313004,465.92807
2024-03-25 04:30:00,22.1784153,88.7313004,459.578857
2024-03-25 04:45:00,22.1784153,88.7313004,463.039917
2024-03-25 05:00:00,22.2409611,88.7313004,447.857239
2024-03-25 05:15:00,22.1158695,1204.3811,465.92807
2024-03-25 05:30:00,21.7406406,1304.90247,460.486908
2024-03-25 05:45:00,21.1777744,1315.95227,462.997681
2024-03-25 06:00:00,21.0526981,1311.87024,457.625244
2024-03-25 06:15:00,20.9901676,1330.15784,456.091156
2024-03-25 06:30:00,20.9737701,1310.41711,460.555634
2024-03-25 06:45:00,20.8650761,1298.9447,450.787628
2024-03-25 07:00:00,20.9407406,1319.09692,448.834045
2024-03-25 07:15:00,20.8650761,1332.79456,460.555634
2024-03-25 07:30:00,20.6149235,1309.52734,457.625244
2024-03-25 07:45:00,20.4898472,1298.729,466.681396
2024-03-25 08:00:00,20.5523777,1319.90027,470.839111
2024-03-25 08:15:00,20.8650761,1338.9729,473.742493
2024-03-25 08:30:00,21.5530186,1314.30481,491.227203
2024-03-25 08:45:00,21.8657169,1315.99341,514.658386
2024-03-25 09:00:00,22.1158695,1322.1488,539.676575
2024-03-25 09:15:00,22.1784153,1314.49524,515.744934
2024-03-25 09:30:00,22.2409611,1301.1781,538.699768
2024-03-25 09:45:00,22.2409611,1341.71106,546.025757
2024-03-25 10:00:00,22.2409611,1317.98816,544.560547
2024-03-25 10:15:00,22.2409611,1175.64941,549.681274
2024-03-25 10:30:00,22.4911137,960.582581,538.699768
2024-03-25 10:45:00,22.4911137,302.749664,538.699768
2024-03-25 11:00:00,22.4911137,76.323143,530.801453
2024-03-25 11:15:00,22.5536594,77.3541641,539.66449
2024-03-25 11:30:00,22.61619,781.409424,529.908569
2024-03-25 11:45:00,22.61619,780.373718,521.366394
2024-03-25 12:00:00,22.4285679,785.681641,526.978149
2024-03-25 12:15:00,22.4911137,782.86969,564.585022
2024-03-25 12:30:00,22.2409611,787.99646,540.700867
2024-03-25 12:45:00,21.9907932,804.685974,514.768127
2024-03-25 13:00:00,21.9282475,796.504822,526.978149
2024-03-25 13:15:00,21.7867794,781.168884,521.683899
2024-03-25 13:30:00,21.8031712,796.430359,514.804138
2024-03-25 13:45:00,21.8657169,782.355774,527.954956
2024-03-25 14:00:00,21.8031712,798.609009,532.838928
2024-03-25 14:15:00,21.8031712,781.682007,535.528809
2024-03-25 14:30:00,21.8031712,794.958496,531.862122
2024-03-25 14:45:00,21.9077568,784.466003,516.721741
2024-03-25 15:00:00,21.7406406,798.003174,515.744934
2024-03-25 15:15:00,21.6024361,796.213867,525.985046
2024-03-25 15:30:00,21.3653965,849.387939,512.814575
2024-03-25 15:45:00,21.302866,1196.11011,504.023315
2024-03-25 16:00:00,21.427927,1295.89246,493.752106
2024-03-25 16:15:00,21.3653965,1314.15381,497.674072
2024-03-25 16:30:00,21.8031712,1226.94409,481.050507
2024-03-25 16:45:00,22.3034916,1214.96375,487.906067
2024-03-25 17:00:00,22.3034916,1035.90588,487.906067
2024-03-25 17:15:00,22.1784153,1031.38379,483.022064
2024-03-25 17:30:00,22.053339,1035.03589,485.679749
2024-03-25 17:45:00,22.053339,1031.11462,473.742493
2024-03-25 18:00:00,21.9282475,1028.32092,476.672882
2024-03-25 18:15:00,22.3034916,977.504272,483.998871
2024-03-25 18:30:00,22.3034916,951.740112,486.92926
2024-03-25 18:45:00,22.1784153,944.449097,483.998871
2024-03-25 19:00:00,22.053339,943.108337,497.352783
2024-03-25 19:15:00,22.053339,958.860474,498.641785
2024-03-25 19:30:00,21.8657169,958.391479,494.743683
2024-03-25 19:45:00,21.5530186,1248.21021,474.609344
2024-03-25 20:00:00,21.8031712,1306.86804,491.859406
2024-03-25 20:15:00,21.7406406,1310.19775,501.581299
2024-03-25 20:30:00,21.9282475,1311.94116,482.221863
2024-03-25 20:45:00,21.8031712,1299.49988,494.784027
2024-03-25 21:00:00,21.8657169,1310.02625,505.000122
2024-03-25 21:15:00,21.7406406,1309.50964,513.009888
2024-03-25 21:30:00,21.4904881,1318.61572,519.652161
2024-03-25 21:45:00,21.4904881,1308.67883,515.744934
2024-03-25 22:00:00,21.5530186,1326.02954,526.001343
2024-03-25 22:15:00,21.9907932,66.376358,517.830505
2024-03-25 22:30:00,22.1158695,74.2379379,518.675354
2024-03-25 22:45:00,22.053339,73.0756226,515.744934
2024-03-25 23:00:00,22.1158695,81.9085999,519.652161
2024-03-25 23:15:00,22.1784153,67.7805405,526.001343
2024-03-25 23:30:00,22.1784153,77.4577789,537.722961
2024-03-25 23:45:00,22.1784153,86.5395508,535.974182
2024-03-26 00:00:00,22.1784153,88.7313004,551.875549
2024-03-26 00:15:00,22.1784153,88.7313004,540.653381
2024-03-26 00:30:00,22.2409611,88.7313004,564.108337
2024-03-26 00:45:00,22.2409611,88.7313004,562.698975
2024-03-26 01:00:00,22.2409611,87.1024323,564.585022
2024-03-26 01:15:00,22.1784153,88.7313004,561.654602
2024-03-26 01:30:00,22.1158695,88.7313004,548.938599
2024-03-26 01:45:00,22.1158695,88.7313004,537.722961
2024-03-26 02:00:00,22.1158695,87.7371597,527.954956
2024-03-26 02:15:00,22.053339,88.7313004,526.978149
2024-03-26 02:30:00,22.053339,88.7313004,512.814575
2024-03-26 02:45:00,22.053339,88.7313004,507.930511
2024-03-26 03:00:00,21.9907932,88.7313004,503.813538
2024-03-26 03:15:00,21.9907932,88.7313004,495.729584
2024-03-26 03:30:00,21.9282475,88.7313004,497.674072
2024-03-26 03:45:00,21.9907932,88.7313004,487.119049
2024-03-26 04:00:00,21.9907932,88.7313004,491.801727
2024-03-26 04:15:00,21.9282475,85.5693665,478.626495
2024-03-26 04:30:00,21.9282475,88.7313004,477.649689
2024-03-26 04:45:00,21.9282475,85.2928848,478.661713
2024-03-26 05:00:00,21.9907932,88.7313004,485.952484
2024-03-26 05:15:00,21.9282475,1224.96594,498.650879
2024-03-26 05:30:00,21.4904881,1311.30054,467.881683
2024-03-26 05:45:00,20.9901676,1313.78577,486.92926
2024-03-26 06:00:00,20.8650761,1311.3147,471.788879
2024-03-26 06:15:00,20.8650761,1298.97461,483.998871
2024-03-26 06:30:00,20.8650761,1326.48047,493.766876
2024-03-26 06:45:00,20.8025455,1298.26929,488.882874
2024-03-26 07:00:00,20.8025455,1315.77649,489.204163
2024-03-26 07:15:00,20.8025455,1317.95972,498.670959
2024-03-26 07:30:00,20.5523777,1313.50867,502.558075
2024-03-26 07:45:00,20.4273014,1327.16113,503.661804
2024-03-26 08:00:00,20.3647556,1308.05798,510.811951
2024-03-26 08:15:00,20.677454,1310.06055,486.92926
2024-03-26 08:30:00,21.302866,1327.2135,493.766876
2024-03-26 08:45:00,21.6780949,1303.73218,508.801727
2024-03-26 09:00:00,21.8031712,1320.01318,501.581299
2024-03-26 09:15:00,21.9282475,1315.95105,499.627686
2024-03-26 09:30:00,21.9907932,1313.82458,490.418152
2024-03-26 09:45:00,22.053339,1306.42017,489.85968
2024-03-26 10:00:00,22.1158695,1320.41602,494.743683
2024-03-26 10:15:00,22.2184448,1310.93433,492.370544
2024-03-26 10:30:00,22.1784153,1315.59167,484.975677
2024-03-26 10:45:00,22.053339,1324.18835,498.650879
2024-03-26 11:00:00,22.1158695,1298.39722,501.907806
2024-03-26 11:15:00,22.053339,1304.526,480.580078
2024-03-26 11:30:00,22.1784153,1327.55225,491.813263
2024-03-26 11:45:00,22.1784153,1319.47449,499.933258
2024-03-26 12:00:00,22.1784153,1301.11694,513.777771
2024-03-26 12:15:00,22.1158695,1324.90186,509.884125
2024-03-26 12:30:00,22.053339,1278.29041,514.768127
2024-03-26 12:45:00,22.1784153,1326.16614,531.862122
2024-03-26 13:00:00,21.9907932,1310.01965,532.838928
2024-03-26 13:15:00,22.053339,1315.01965,513.184265
2024-03-26 13:30:00,22.053339,1332.95825,530.939392
2024-03-26 13:45:00,21.9282475,1301.34937,529.908569
2024-03-26 14:00:00,21.9282475,1317.71741,521.605774
2024-03-26 14:15:00,21.9282475,1315.20154,506.680969
2024-03-26 14:30:00,21.8657169,1321.53845,498.650879
2024-03-26 14:45:00,21.7406406,1313.22241,472.765686
2024-03-26 15:00:00,21.8657169,1296.86267,488.5177
2024-03-26 15:15:00,21.8031712,1307.62842,474.719269
2024-03-26 15:30:00,21.8657169,1323.38428,442.973236
2024-03-26 15:45:00,21.8657169,1317.20569,466.904877
2024-03-26 16:00:00,22.053339,1319.53137,470.76593
2024-03-26 16:15:00,21.9282475,1310.0769,447.857239
2024-03-26 16:30:00,21.9907932,1295.37561,470.461121
2024-03-26 16:45:00,21.8657169,1325.1615,463.954315
2024-03-26 17:00:00,21.5530186,1319.28479,462.020874
2024-03-26 17:15:00,21.427927,1331.38696,456.550781
2024-03-26 17:30:00,21.302866,1300.12585,472.809692
2024-03-26 17:45:00,21.3653965,1331.90186,468.85849
2024-03-26 18:00:00,21.3653965,1313.08472,457.625244
2024-03-26 18:15:00,21.8657169,1280.61096,474.97702
2024-03-26 18:30:00,22.1158695,1337.35315,489.85968
2024-03-26 18:45:00,22.053339,1296.86182,489.85968
2024-03-26 19:00:00,22.1659069,1305.85913,505.177032
2024-03-26 19:15:00,21.8031712,1319.87097,491.813263
2024-03-26 19:30:00,21.9907932,1324.70544,489.85968
2024-03-26 19:45:00,21.9282475,1316.55737,486.5271
2024-03-26 20:00:00,21.5530186,1293.1145,496.682495
2024-03-26 20:15:00,21.6780949,1327.71802,486.92926
2024-03-26 20:30:00,21.7406406,1294.13831,483.855408
2024-03-26 20:45:00,21.7406406,1301.34937,498.632416
2024-03-26 21:00:00,21.9282475,1315.2688,489.85968
2024-03-26 21:15:00,21.9282475,1291.93958,497.830383
2024-03-26 21:30:00,21.8657169,1308.96301,505.91507
2024-03-26 21:45:00,21.9282475,1320.10547,511.837708
2024-03-26 22:00:00,21.9282475,1323.19312,515.744934
2024-03-26 22:15:00,22.1784153,69.6151276,508.778473
2024-03-26 22:30:00,22.2409611,62.7425194,510.860931
2024-03-26 22:45:00,22.2409611,69.9913254,514.768127
2024-03-26 23:00:00,22.2409611,64.265976,510.860931
2024-03-26 23:15:00,22.3034916,64.0145874,514.783203
2024-03-26 23:30:00,22.2409611,76.238472,516.721741
2024-03-26 23:45:00,22.3034916,67.3540192,539.663574
2024-03-27 00:00:00,22.3034916,75.3173065,532.838928
2024-03-27 00:15:00,22.3034916,85.8449554,534.792542
2024-03-27 00:30:00,22.3034916,88.7313004,544.357361
2024-03-27 00:45:00,22.3034916,88.7313004,541.630127
2024-03-27 01:00:00,22.2409611,86.4736481,564.585022
2024-03-27 01:15:00,22.2409611,88.7313004,547.97937
2024-03-27 01:30:00,22.1784153,86.5928574,544.340637
2024-03-27 01:45:00,22.1784153,83.7317886,510.860931
2024-03-27 02:00:00,22.1784153,88.7313004,512.814575
2024-03-27 02:15:00,22.1158695,88.7313004,502.23587
2024-03-27 02:30:00,22.1784153,88.7313004,504.98999
2024-03-27 02:45:00,22.1158695,88.7313004,489.85968
2024-03-27 03:00:00,22.1158695,88.7313004,489.302399
2024-03-27 03:15:00,22.1158695,88.7313004,475.708923
2024-03-27 03:30:00,22.1158695,88.7313004,476.672882
2024-03-27 03:45:00,22.1158695,88.7313004,471.741425
2024-03-27 04:00:00,22.053339,88.7313004,469.889313
2024-03-27 04:15:00,22.053339,88.7313004,468.85849
2024-03-27 04:30:00,22.053339,88.7313004,453.718048
2024-03-27 04:45:00,22.053339,88.7313004,456.580872
2024-03-27 05:00:00,22.053339,88.7313004,449.810822
2024-03-27 05:15:00,21.9907932,1196.48901,464.560547
2024-03-27 05:30:00,21.4904881,1306.70508,454.74765
2024-03-27 05:45:00,20.9276218,1323.22754,455.671631
2024-03-27 06:00:00,20.8650761,1308.79175,456.648438
2024-03-27 06:15:00,20.8025455,1342.65393,459.578857
2024-03-27 06:30:00,20.8025455,1310.72949,463.974487
2024-03-27 06:45:00,20.8025455,1301.97729,446.880432
2024-03-27 07:00:00,20.677454,1297.46497,467.357269
2024-03-27 07:15:00,20.7399998,1315.58911,469.835266
2024-03-27 07:30:00,20.5523777,1331.49573,480.580078
2024-03-27 07:45:00,20.3647556,1326.01685,477.042694
2024-03-27 08:00:00,20.3647556,1298.90869,483.944092
2024-03-27 08:15:00,20.7399998,1329.24377,491.813263
2024-03-27 08:30:00,21.302866,1294.54773,489.664307
2024-03-27 08:45:00,21.6155491,1296.37097,503.90506
2024-03-27 09:00:00,21.7406406,1300.89868,486.92926
2024-03-27 09:15:00,21.8657169,1310.23926,495.72049
2024-03-27 09:30:00,21.9282475,1329.35413,477.855896
2024-03-27 09:45:00,21.9907932,1331.61365,491.822235
2024-03-27 10:00:00,22.0213146,1324.26514,505.000122
2024-03-27 10:15:00,22.1158695,1289.25952,497.741211
2024-03-27 10:30:00,22.053339,1306.27197,498.650879
2024-03-27 10:45:00,22.053339,1312.2063,502.558075
2024-03-27 11:00:00,22.053339,1324.73755,510.750977
2024-03-27 11:15:00,22.053339,1317.05627,506.953705
2024-03-27 11:30:00,22.053339,1300.25745,518.675354
2024-03-27 11:45:00,22.053339,1300.43555,519.652161
2024-03-27 12:00:00,22.053339,1343.18799,525.024536
2024-03-27 12:15:00,22.053339,1335.45337,528.931763
2024-03-27 12:30:00,22.1158695,1319.3501,534.993896
2024-03-27 12:45:00,22.1158695,1327.50806,547.97937
2024-03-27 13:00:00,22.1158695,1336.66724,559.700989
2024-03-27 13:15:00,22.1784153,1322.98425,555.026794
2024-03-27 13:30:00,22.1784153,1325.33105,550.90979
2024-03-27 13:45:00,22.2245636,1318.62122,551.886597
2024-03-27 14:00:00,22.1784153,1321.36096,544.944641
2024-03-27 14:15:00,22.1784153,1316.37292,553.773315
2024-03-27 14:30:00,22.3034916,1286.26392,564.585022
2024-03-27 14:45:00,22.2573528,1240.04456,562.983093
2024-03-27 15:00:00,22.2409611,1220.71924,548.97876
2024-03-27 15:15:00,22.1784153,1210.7334,537.722961
2024-03-27 15:30:00,22.1784153,1214.73035,537.722961
2024-03-27 15:45:00,22.053339,1220.91785,511.837708
2024-03-27 16:00:00,21.9282475,1209.17664,505.000122
2024-03-27 16:15:00,21.9282475,1213.89819,505.976898
2024-03-27 16:30:00,21.8657169,1202.16992,488.882874
2024-03-27 16:45:00,22.053339,1205.41504,486.92926
2024-03-27 17:00:00,21.9907932,1197.30481,496.697266
2024-03-27 17:15:00,21.9282475,1209.27783,499.627686
2024-03-27 17:30:00,21.8657169,1215.24316,495.72049
2024-03-27 17:45:00,21.9366436,1204.14746,483.847656
2024-03-27 18:00:00,22.1158695,1218.99768,483.998871
2024-03-27 18:15:00,22.2409611,1209.27026,476.672882
2024-03-27 18:30:00,22.3034916,1138.69971,480.580078
2024-03-27 18:45:00,22.3034916,930.879395,480.384735
2024-03-27 19:00:00,22.3034916,795.71344,479.665131
2024-03-27 19:15:00,22.1158695,806.622253,480.580078
2024-03-27 19:30:00,22.053339,780.116089,472.765686
2024-03-27 19:45:00,22.053339,782.460449,476.964447
2024-03-27 20:00:00,21.9282475,789.873535,479.603302
2024-03-27 20:15:00,21.9282475,779.125549,486.92926
2024-03-27 20:30:00,21.8031712,824.73175,492.337677
2024-03-27 20:45:00,21.8657169,832.530212,483.012238
2024-03-27 21:00:00,21.7406406,869.123535,489.85968
2024-03-27 21:15:00,21.6155491,1095.29272,491.451019
2024-03-27 21:30:00,21.5530186,1301.25061,508.907318
2024-03-27 21:45:00,21.7406406,1301.88708,492.79007
2024-03-27 22:00:00,21.6780949,1302.01501,506.875549
2024-03-27 22:15:00,21.9282475,71.5946732,514.687073
2024-03-27 22:30:00,21.9907932,62.7425194,537.722961
2024-03-27 22:45:00,21.9907932,62.7425194,541.630127
2024-03-27 23:00:00,22.053339,65.1671753,547.200684
2024-03-27 23:15:00,21.9907932,66.9939728,552.863403
2024-03-27 23:30:00,22.053339,77.7800827,570.934204
2024-03-27 23:45:00,22.053339,85.912468,564.644104
2024-03-28 00:00:00,22.053339,78.1134415,599.749817
2024-03-28 00:15:00,22.1158695,76.8435593,594.865845
2024-03-28 00:30:00,22.053339,88.7313004,595.842651
2024-03-28 00:45:00,22.053339,82.9075241,582.667358
2024-03-28 01:00:00,21.9907932,87.6930466,619.774231
2024-03-28 01:15:00,21.9907932,76.4405594,616.843811
2024-03-28 01:30:00,21.9907932,77.1799545,597.805176
2024-03-28 01:45:00,21.9282475,88.7313004,588.028198
2024-03-28 02:00:00,21.9282475,88.7313004,563.608215
2024-03-28 02:15:00,21.9282475,88.7313004,561.742615
2024-03-28 02:30:00,21.9282475,88.7313004,548.956177
2024-03-28 02:45:00,21.9282475,88.7313004,537.722961
2024-03-28 03:00:00,21.9282475,88.7313004,530.118347
2024-03-28 03:15:00,21.8657169,88.7313004,526.978149
2024-03-28 03:30:00,21.8031712,88.7313004,519.652161
2024-03-28 03:45:00,21.8031712,88.7313004,517.411621
2024-03-28 04:00:00,21.8657169,88.7313004,498.585999
2024-03-28 04:15:00,21.8031712,87.8180008,492.79007
2024-03-28 04:30:00,21.8031712,88.7313004,499.627686
2024-03-28 04:45:00,21.7406406,88.7313004,494.743683
2024-03-28 05:00:00,21.7406406,88.7313004,484.975677
2024-03-28 05:15:00,21.6780949,1188.63867,508.907318
2024-03-28 05:30:00,21.2403202,1303.86035,474.63681
2024-03-28 05:45:00,20.8025455,1306.54822,483.022064
2024-03-28 06:00:00,20.7399998,1327.20215,478.626495
2024-03-28 06:15:00,20.677454,1297.00562,480.580078
2024-03-28 06:30:00,20.677454,1315.15918,476.672882
2024-03-28 06:45:00,20.5523777,1321.07886,466.904877
2024-03-28 07:00:00,20.5523777,1308.94885,473.742493
2024-03-28 07:15:00,20.9901676,1295.52344,478.639496
2024-03-28 07:30:00,21.5530186,1319.28955,505.976898
2024-03-28 07:45:00,21.7406406,1311.27661,504.052185
2024-03-28 08:00:00,21.8031712,1349.43506,500.629852
2024-03-28 08:15:00,21.9282475,1337.01965,498.650879
2024-03-28 08:30:00,21.9907932,1322.80212,507.735138
2024-03-28 08:45:00,21.9282475,1322.58057,505.9375
2024-03-28 09:00:00,21.9907932,1312.23633,497.674072
2024-03-28 09:15:00,22.053339,1311.31433,498.650879
2024-03-28 09:30:00,22.1784153,1320.6825,500.604492
2024-03-28 09:45:00,22.1784153,1305.20361,505.976898
2024-03-28 10:00:00,22.1784153,1344.56628,501.581299
2024-03-28 10:15:00,22.1158695,1314.45776,490.836487
2024-03-28 10:30:00,22.2409611,1314.63965,500.604492
2024-03-28 10:45:00,22.1158695,1296.69202,501.581299
2024-03-28 11:00:00,22.1158695,1310.32739,508.542145
2024-03-28 11:15:00,22.1784153,1327.87683,497.320892
2024-03-28 11:30:00,22.1784153,1321.75146,511.837708
2024-03-28 11:45:00,22.053339,1316.27869,508.887726
2024-03-28 12:00:00,22.1158695,1317.52405,521.59668
2024-03-28 12:15:00,22.1158695,1302.04553,510.896149
2024-03-28 12:30:00,22.1784153,1340.61572,523.559387
2024-03-28 12:45:00,22.2409611,1321.64392,533.815735
2024-03-28 13:00:00,22.1784153,1325.64417,544.560547
2024-03-28 13:15:00,22.1784153,1314.27148,548.947998
2024-03-28 13:30:00,22.053339,1329.61816,539.676575
2024-03-28 13:45:00,21.8657169,1286.74695,518.491638
2024-03-28 14:00:00,21.9282475,1305.55444,538.699768
2024-03-28 14:15:00,21.7406406,1299.3512,515.634949
2024-03-28 14:30:00,21.7406406,1326.66882,511.837708
2024-03-28 14:45:00,21.7406406,1304.02393,523.589478
2024-03-28 15:00:00,21.9907932,1318.66199,511.837708
2024-03-28 15:15:00,22.053339,1300.29736,515.432373
2024-03-28 15:30:00,21.9907932,1319.48157,508.898285
2024-03-28 15:45:00,22.0308228,1315.40051,507.930511
2024-03-28 16:00:00,21.9907932,1295.80859,500.604492
2024-03-28 16:15:00,22.053339,1298.88257,495.677521
2024-03-28 16:30:00,21.9282475,1296.53076,488.882874
2024-03-28 16:45:00,21.9907932,1310.54834,494.743683
2024-03-28 17:00:00,21.8657169,1316.81616,487.191498
2024-03-28 17:15:00,21.9907932,1313.78894,481.539917
2024-03-28 17:30:00,21.9907932,1328.12476,480.580078
2024-03-28 17:45:00,21.968277,1314.51465,479.266663
2024-03-28 18:00:00,21.9282475,1320.47473,481.571289
2024-03-28 18:15:00,21.9907932,1323.67896,481.556885
2024-03-28 18:30:00,22.1158695,1321.82874,488.961029
2024-03-28 18:45:00,22.1158695,1306.60645,497.516418
2024-03-28 19:00:00,22.053339,1316.87659,490.836487
2024-03-28 19:15:00,22.053339,1321.1333,496.697266
2024-03-28 19:30:00,21.6780949,1298.06299,480.580078
2024-03-28 19:45:00,21.6155491,1315.41797,493.975494
2024-03-28 20:00:00,20.9901676,1337.3385,471.765808
2024-03-28 20:15:00,20.9145031,1318.875,463.46698
2024-03-28 20:30:00,21.2403202,1310.48718,481.185699
2024-03-28 20:45:00,21.1777744,1317.60022,475.710175
2024-03-28 21:00:00,20.9276218,1318.78259,486.92926
2024-03-28 21:15:00,21.1152439,1338.98657,498.650879
2024-03-28 21:30:00,21.1152439,1315.33154,497.674072
2024-03-28 21:45:00,21.0526981,1314.25659,496.697266
2024-03-28 22:00:00,21.0526981,1311.6615,510.860931
2024-03-28 22:15:00,21.5530186,79.84758,534.65509
2024-03-28 22:30:00,21.7406406,67.2540894,507.930511
2024-03-28 22:45:00,21.8031712,70.2746353,508.907318
2024-03-28 23:00:00,21.8031712,72.8312683,527.233887
2024-03-28 23:15:00,21.8031712,66.6371536,520.628967
2024-03-28 23:30:00,21.8031712,76.2017822,525.024536
2024-03-28 23:45:00,21.8031712,74.7801666,541.997437
2024-03-29 00:00:00,21.8031712,87.4258575,549.887939
2024-03-29 00:15:00,21.8657169,86.4845734,562.631409
2024-03-29 00:30:00,21.8657169,88.7313004,570.934204
2024-03-29 00:45:00,21.8031712,73.9808655,574.863342
2024-03-29 01:00:00,21.8031712,88.7313004,565.561829
2024-03-29 01:15:00,21.6780949,88.7313004,591.935425
2024-03-29 01:30:00,21.6780949,83.5092621,565.626282
2024-03-29 01:45:00,21.6780949,85.1080704,560.566406
2024-03-29 02:00:00,21.6155491,84.6442642,540.653381
2024-03-29 02:15:00,21.6155491,88.7313004,535.874207
2024-03-29 02:30:00,21.6155491,88.7313004,520.628967
2024-03-29 02:45:00,21.6155491,88.7313004,513.791321
2024-03-29 03:00:00,21.5530186,88.7313004,498.650879
2024-03-29 03:15:00,21.5530186,88.7313004,488.822327
2024-03-29 03:30:00,21.5530186,88.7313004,493.766876
2024-03-29 03:45:00,21.5530186,88.7313004,487.906067
2024-03-29 04:00:00,21.5530186,88.7313004,477.649689
2024-03-29 04:15:00,21.5530186,88.7313004,484.975677
2024-03-29 04:30:00,21.4904881,87.0966568,469.835266
2024-03-29 04:45:00,21.5530186,88.7313004,465.017242
2024-03-29 05:00:00,21.5530186,88.7313004,465.92807
2024-03-29 05:15:00,21.4904881,1198.28699,477.649689
2024-03-29 05:30:00,21.1152439,1337.03027,464.882538
2024-03-29 05:45:00,20.5523777,1325.23059,479.603302
2024-03-29 06:00:00,20.6149235,1291.45276,481.556885
2024-03-29 06:15:00,20.6149235,1310.57703,478.626495
2024-03-29 06:30:00,20.5103378,1318.7157,488.882874
2024-03-29 06:45:00,20.4898472,1314.40491,478.626495
2024-03-29 07:00:00,20.4898472,1311.57214,463.974487
2024-03-29 07:15:00,20.8025455,1320.34802,475.696075
2024-03-29 07:30:00,21.302866,1306.8324,483.022064
2024-03-29 07:45:00,21.5530186,1302.81018,487.346497
2024-03-29 08:00:00,21.6676006,1305.75378,517.66626
2024-03-29 08:15:00,21.7406406,1330.28894,500.604492
2024-03-29 08:30:00,21.8031712,1296.43042,499.334656
2024-03-29 08:45:00,21.8657169,1309.25867,494.743683
2024-03-29 09:00:00,21.8657169,1335.20996,493.766876
2024-03-29 09:15:00,21.9282475,1312.69275,492.79007
2024-03-29 09:30:00,21.9282475,1322.05518,493.491913
2024-03-29 09:45:00,21.9282475,1303.61047,487.906067
2024-03-29 10:00:00,21.9907932,1309.45337,484.975677
2024-03-29 10:15:00,22.053339,1315.28345,481.724701
2024-03-29 10:30:00,22.1158695,1327.59131,476.672882
2024-03-29 10:45:00,22.1158695,1304.79517,485.952484
2024-03-29 11:00:00,22.1158695,1310.94556,472.282898
2024-03-29 11:15:00,22.1784153,1300.60315,486.92926
2024-03-29 11:30:00,22.1784153,1297.8103,492.79007
2024-03-29 11:45:00,22.1158695,1317.91858,494.810822
2024-03-29 12:00:00,22.1158695,1308.68652,498.650879
2024-03-29 12:15:00,22.1158695,1316.77087,485.952484
2024-03-29 12:30:00,21.9907932,1336.35791,488.882874
2024-03-29 12:45:00,22.1158695,1312.99683,502.558075
2024-03-29 13:00:00,22.1158695,1321.53052,502.558075
2024-03-29 13:15:00,22.053339,1304.2915,516.49823
2024-03-29 13:30:00,22.1158695,1331.7085,517.70752
2024-03-29 13:45:00,22.1784153,1302.74915,509.884125
2024-03-29 14:00:00,22.1158695,1317.15344,495.72049
2024-03-29 14:15:00,22.053339,1318.05725,497.630066
2024-03-29 14:30:00,22.1158695,1317.79846,505.976898
2024-03-29 14:45:00,22.053339,1316.28467,509.884125
2024-03-29 15:00:00,21.9907932,1300.73816,495.72049
2024-03-29 15:15:00,21.8031712,1326.06409,473.742493
2024-03-29 15:30:00,21.8031712,1293.79272,474.719269
2024-03-29 15:45:00,21.8657169,1328.47205,468.905945
2024-03-29 16:00:00,21.9282475,1291.8855,478.626495
2024-03-29 16:15:00,21.8031712,1323.2262,469.835266
2024-03-29 16:30:00,21.8657169,1338.68567,458.602051
2024-03-29 16:45:00,21.8336926,1317.85669,457.625244
2024-03-29 17:00:00,21.8657169,1318.6969,455.671631
2024-03-29 17:15:00,21.5530186,1314.46851,456.648438
2024-03-29 17:30:00,21.7406406,1281.3103,468.497589
2024-03-29 17:45:00,21.7406406,1295.39771,466.904877
2024-03-29 18:00:00,21.7406406,1334.005,470.812073
2024-03-29 18:15:00,22.3034916,1281.2793,459.388672
2024-03-29 18:30:00,22.3034916,1157.78723,466.904877
2024-03-29 18:45:00,22.3034916,993.494385,469.835266
2024-03-29 19:00:00,22.2409611,983.917053,470.022827
2024-03-29 19:15:00,22.1158695,982.96637,467.909363
2024-03-29 19:30:00,22.053339,975.013367,466.035461
2024-03-29 19:45:00,21.9282475,968.209167,462.997681
2024-03-29 20:00:00,21.9282475,982.218262,474.719269
2024-03-29 20:15:00,22.053339,974.713257,473.742493
2024-03-29 20:30:00,21.9907932,975.519287,488.882874
2024-03-29 20:45:00,21.8657169,985.853882,494.915497
2024-03-29 21:00:00,21.7406406,995.793823,492.259216
2024-03-29 21:15:00,21.7406406,1141.39795,506.953705
2024-03-29 21:30:00,21.9282475,1149.5918,522.602173
2024-03-29 21:45:00,21.8657169,1125.36694,521.605774
2024-03-29 22:00:00,21.7406406,1148.83789,587.739502
2024-03-29 22:15:00,22.053339,65.9952164,532.838928
2024-03-29 22:30:00,22.1784153,77.229332,528.931763
2024-03-29 22:45:00,22.2409611,74.5694046,541.630127
2024-03-29 23:00:00,22.1784153,84.7799683,546.010681
2024-03-29 23:15:00,22.1784153,81.6328049,537.722961
2024-03-29 23:30:00,22.1784153,69.014473,564.775208
2024-03-29 23:45:00,22.1784153,81.6225128,559.700989
2024-03-30 00:00:00,22.1158695,68.3573608,565.561829
2024-03-30 00:15:00,22.1158695,83.2332764,559.794739
2024-03-30 00:30:00,22.1784153,82.5764618,605.512817
2024-03-30 00:45:00,22.1158695,85.1080704,583.632568
2024-03-30 01:00:00,22.053339,87.5069427,593.498291
2024-03-30 01:15:00,22.053339,86.0281906,586.464478
2024-03-30 01:30:00,21.9907932,88.7313004,579.725403
2024-03-30 01:45:00,21.9907932,88.7313004,559.700989
2024-03-30 02:00:00,21.9907932,85.2928848,555.793762
2024-03-30 02:15:00,21.9282475,86.9385605,544.560547
2024-03-30 02:30:00,21.8657169,88.7313004,547.97937
2024-03-30 02:45:00,21.8657169,88.7313004,527.815552
2024-03-30 03:00:00,21.9282475,88.7313004,522.582581
2024-03-30 03:15:00,21.9282475,88.7313004,523.559387
2024-03-30 03:30:00,21.9282475,86.9385605,512.814575
2024-03-30 03:45:00,21.8657169,88.7313004,510.860931
2024-03-30 04:00:00,21.8657169,88.7313004,513.791321
2024-03-30 04:15:00,21.7406406,83.0005341,514.768127
2024-03-30 04:30:00,21.8031712,88.7313004,499.627686
2024-03-30 04:45:00,21.7406406,88.7313004,498.650879
2024-03-30 05:00:00,21.7406406,88.7313004,498.650879
2024-03-30 05:15:00,21.6780949,1194.65503,504.023315
2024-03-30 05:30:00,21.2403202,1318.38416,491.805145
2024-03-30 05:45:00,20.6149235,1297.52905,483.998871
2024-03-30 06:00:00,20.677454,1317.45776,492.718048
2024-03-30 06:15:00,20.6149235,1307.95227,481.569153
2024-03-30 06:30:00,20.5523777,1311.84546,484.975677
2024-03-30 06:45:00,20.5523777,1322.58252,484.858459
2024-03-30 07:00:00,20.4898472,1303.47351,496.726105
2024-03-30 07:15:00,20.9276218,1326.92896,514.768127
2024-03-30 07:30:00,21.427927,1304.03064,555.793762
2024-03-30 07:45:00,21.6780949,1341.58728,551.666687
2024-03-30 08:00:00,21.8031712,1319.84741,548.956177
2024-03-30 08:15:00,21.8657169,1320.23157,534.792542
2024-03-30 08:30:00,21.8657169,1315.19971,539.710876
2024-03-30 08:45:00,21.9907932,1316.4541,544.560547
2024-03-30 09:00:00,22.053339,1303.65674,543.58374
2024-03-30 09:15:00,22.1158695,1332.64734,541.630127
2024-03-30 09:30:00,22.1784153,1328.48108,555.793762
2024-03-30 09:45:00,22.1784153,1333.32178,557.747375
2024-03-30 10:00:00,22.1158695,1311.54541,547.002563
2024-03-30 10:15:00,22.1158695,1301.94849,535.769348
2024-03-30 10:30:00,22.2409611,1303.10278,549.944214
2024-03-30 10:45:00,22.1784153,1308.68762,527.050171
2024-03-30 11:00:00,22.1784153,1314.66992,523.559387
2024-03-30 11:15:00,22.1784153,1334.94897,510.860931
2024-03-30 11:30:00,22.1158695,1304.14563,498.650879
2024-03-30 11:45:00,22.1158695,1302.22839,494.743683
2024-03-30 12:00:00,21.9907932,1310.85046,483.998871
2024-03-30 12:15:00,21.9907932,1303.38306,490.836487
2024-03-30 12:30:00,22.0617313,1314.01709,504.023315
2024-03-30 12:45:00,21.9907932,1300.54065,501.581299
2024-03-30 13:00:00,21.9907932,1316.7157,501.581299
2024-03-30 13:15:00,22.053339,1330.29749,499.69101
2024-03-30 13:30:00,21.9907932,1298.14319,504.023315
2024-03-30 13:45:00,21.9282475,1327.75867,512.814575
2024-03-30 14:00:00,21.9282475,1317.24133,511.708862
2024-03-30 14:15:00,21.9907932,1327.48047,510.860931
2024-03-30 14:30:00,22.053339,1305.83459,505.000122
2024-03-30 14:45:00,22.053339,1332.51782,502.558075
2024-03-30 15:00:00,22.053339,1326.83411,480.590363
2024-03-30 15:15:00,21.9907932,1340.81592,487.906067
2024-03-30 15:30:00,21.8657169,1318.95374,489.607391
2024-03-30 15:45:00,21.9282475,1321.10767,491.813263
2024-03-30 16:00:00,21.9907932,1307.40283,475.696075
2024-03-30 16:15:00,21.8031712,1346.6687,470.089111
2024-03-30 16:30:00,21.8657169,1306.41345,480.482056
2024-03-30 16:45:00,21.9282475,1332.79089,479.603302
2024-03-30 17:00:00,21.8657169,1311.20618,487.906067
2024-03-30 17:15:00,21.8657169,1307.26575,479.603302
2024-03-30 17:30:00,21.9907932,1313.32336,486.92926
2024-03-30 17:45:00,22.053339,1298.94958,478.626495
2024-03-30 18:00:00,21.9907932,1318.09961,493.629425
2024-03-30 18:15:00,22.3034916,1291.56812,490.836487
2024-03-30 18:30:00,22.3034916,1081.18567,492.79007
2024-03-30 18:45:00,22.3660374,866.191772,488.936584
2024-03-30 19:00:00,22.3034916,794.165894,499.627686
2024-03-30 19:15:00,22.3034916,807.602966,506.953705
2024-03-30 19:30:00,22.2409611,797.270691,510.841309
2024-03-30 19:45:00,22.1784153,797.038696,492.79007
2024-03-30 20:00:00,21.8657169,787.915161,499.627686
2024-03-30 20:15:00,21.9907932,772.576355,486.724426
2024-03-30 20:30:00,21.8657169,794.832031,481.556885
2024-03-30 20:45:00,21.8657169,801.966797,484.975677
2024-03-30 21:00:00,21.8657169,784.692139,489.85968
2024-03-30 21:15:00,21.8657169,791.510559,472.837708
2024-03-30 21:30:00,21.8657169,798.659058,501.581299
2024-03-30 21:45:00,21.8031712,796.560608,500.595764
2024-03-30 22:00:00,21.6155491,800.91748,529.908569
2024-03-30 22:15:00,21.9907932,72.5722275,494.743683
2024-03-30 22:30:00,22.053339,85.1798248,510.860931
2024-03-30 22:45:00,22.053339,75.5101166,531.82782
2024-03-30 23:00:00,22.1158695,84.1521606,540.653381
2024-03-30 23:15:00,22.1158695,85.5472794,531.873718
2024-03-30 23:30:00,22.053339,71.6156693,547.97937
2024-03-30 23:45:00,22.1158695,82.0188293,546.025757
