Timestamp,ITB_VAV_A42_W3325_02_FLW_AV_TL,ITB_VAV_A42_W3325_02_RT_AV_TL,ITB_VAV_A42_W3325_02_CO2_TL
2024-03-24 00:00:00,257.398132,21.7406406,557.747375
2024-03-24 00:15:00,257.398132,21.7406406,571.911011
2024-03-24 00:30:00,257.398132,21.7406406,576.398132
2024-03-24 00:45:00,257.398132,21.6155491,575.724426
2024-03-24 01:00:00,257.398132,21.6155491,558.778259
2024-03-24 01:15:00,257.398132,21.5530186,559.700989
2024-03-24 01:30:00,251.826172,21.4904881,582.655762
2024-03-24 01:45:00,257.398132,21.427927,580.702209
2024-03-24 02:00:00,257.398132,21.3653965,560.318359
2024-03-24 02:15:00,257.398132,21.3653965,553.897888
2024-03-24 02:30:00,257.398132,21.3653965,554.607239
2024-03-24 02:45:00,257.398132,21.302866,531.862122
2024-03-24 03:00:00,257.398132,21.302866,526.978149
2024-03-24 03:15:00,257.398132,21.302866,528.931763
2024-03-24 03:30:00,257.398132,21.302866,511.837708
2024-03-24 03:45:00,257.398132,21.2403202,515.299011
2024-03-24 04:00:00,257.398132,21.1777744,514.726624
2024-03-24 04:15:00,256.786224,21.1777744,502.243439
2024-03-24 04:30:00,257.398132,21.0526981,484.993103
2024-03-24 04:45:00,257.398132,21.0526981,484.975677
2024-03-24 05:00:00,257.398132,21.0526981,471.788879
2024-03-24 05:15:00,257.398132,21.0526981,471.788879
2024-03-24 05:30:00,257.398132,20.9276218,483.537384
2024-03-24 05:45:00,257.398132,20.5298672,478.658386
2024-03-24 06:00:00,257.398132,20.4273014,474.719269
2024-03-24 06:15:00,257.398132,20.4898472,477.649689
2024-03-24 06:30:00,257.398132,20.5523777,485.952484
2024-03-24 06:45:00,257.398132,20.4898472,493.766876
2024-03-24 07:00:00,257.398132,20.6149235,486.92926
2024-03-24 07:15:00,1839.32605,20.9276218,470.812073
2024-03-24 07:30:00,1951.4834,21.302866,483.701935
2024-03-24 07:45:00,1951.44495,21.4904881,483.998871
2024-03-24 08:00:00,1956.88794,21.6780949,491.813263
2024-03-24 08:15:00,1920.75146,21.8031712,472.765686
2024-03-24 08:30:00,1899.98669,21.8657169,483.998871
2024-03-24 08:45:00,1990.47339,21.9907932,476.672882
2024-03-24 09:00:00,1999.61829,22.1158695,477.7052
2024-03-24 09:15:00,1886.13562,22.61619,468.72934
2024-03-24 09:30:00,374.422607,22.5536594,487.878021
2024-03-24 09:45:00,344.941254,22.5536594,488.882874
2024-03-24 10:00:00,321.825836,22.5536594,487.827911
2024-03-24 10:15:00,317.359344,22.61619,470.812073
2024-03-24 10:30:00,1175.84424,22.5536594,480.875427
2024-03-24 10:45:00,1838.48242,22.4285679,479.798645
2024-03-24 11:00:00,2087.40332,22.4285679,481.556885
2024-03-24 11:15:00,2088.4541,22.4285679,462.997681
2024-03-24 11:30:00,2081.7478,22.8663425,466.904877
2024-03-24 11:45:00,2105.24023,23.0539646,468.85849
2024-03-24 12:00:00,2081.96704,23.3041325,469.258575
2024-03-24 12:15:00,2053.91016,23.4917545,464.933655
2024-03-24 12:30:00,1984.53271,23.2415867,463.798981
2024-03-24 12:45:00,2063.66284,23.1790409,462.114563
2024-03-24 13:00:00,2042.11829,23.4292088,471.788879
2024-03-24 13:15:00,2006.41089,23.4917545,480.580078
2024-03-24 13:30:00,2032.44385,23.4292088,471.788879
2024-03-24 13:45:00,1974.36389,23.2415867,464.951263
2024-03-24 14:00:00,2041.39514,22.7833214,472.765686
2024-03-24 14:15:00,2014.61414,22.6787205,466.184113
2024-03-24 14:30:00,2015.96606,22.4911137,469.835266
2024-03-24 14:45:00,2001.82666,22.4285679,458.518127
2024-03-24 15:00:00,1972.16638,22.3660374,450.787628
2024-03-24 15:15:00,1997.49243,22.3660374,446.062164
2024-03-24 15:30:00,2047.33826,22.3034916,442.973236
2024-03-24 15:45:00,2023.75452,22.3034916,441.996429
2024-03-24 16:00:00,2034.26404,22.3885479,429.786438
2024-03-24 16:15:00,2027.8385,22.3660374,429.786438
2024-03-24 16:30:00,2097.46313,22.3034916,422.74649
2024-03-24 16:45:00,2063.58521,22.3660374,429.833344
2024-03-24 17:00:00,2089.26758,22.4911137,413.683594
2024-03-24 17:15:00,2085.92969,22.4911137,410.7388
2024-03-24 17:30:00,2118.62158,22.4285679,410.7388
2024-03-24 17:45:00,2067.35645,22.3660374,417.576416
2024-03-24 18:00:00,2108.29077,22.3660374,420.21759
2024-03-24 18:15:00,235.382248,22.7412815,423.925629
2024-03-24 18:30:00,247.058044,23.0539646,443.950043
2024-03-24 18:45:00,238.297745,23.0539646,436.624054
2024-03-24 19:00:00,257.398132,22.9914341,434.670441
2024-03-24 19:15:00,253.45079,22.8663425,447.857239
2024-03-24 19:30:00,253.986603,22.6787205,443.950043
2024-03-24 19:45:00,257.398132,22.4911137,439.215332
2024-03-24 20:00:00,257.398132,22.5536594,456.648438
2024-03-24 20:15:00,257.398132,22.4285679,442.973236
2024-03-24 20:30:00,257.398132,22.3660374,458.602051
2024-03-24 20:45:00,257.398132,22.4285679,449.915344
2024-03-24 21:00:00,257.398132,22.3660374,472.765686
2024-03-24 21:15:00,257.398132,22.3660374,480.580078
2024-03-24 21:30:00,257.398132,22.3660374,479.603302
2024-03-24 21:45:00,257.398132,22.4285679,496.228424
2024-03-24 22:00:00,257.398132,22.2409611,484.111481
2024-03-24 22:15:00,257.398132,22.3660374,483.998871
2024-03-24 22:30:00,257.398132,22.4911137,489.837524
2024-03-24 22:45:00,257.398132,22.61619,486.92926
2024-03-24 23:00:00,257.398132,22.61619,480.580078
2024-03-24 23:15:00,257.398132,22.61619,495.72049
2024-03-24 23:30:00,257.398132,22.6787205,515.482727
2024-03-24 23:45:00,257.398132,22.6787205,518.697754
2024-03-25 00:00:00,257.398132,22.7412815,521.246521
2024-03-25 00:15:00,257.398132,22.9393826,552.863403
2024-03-25 00:30:00,257.398132,22.9288883,534.792542
2024-03-25 00:45:00,257.398132,22.6787205,542.606934
2024-03-25 01:00:00,256.317535,22.5536594,544.560547
2024-03-25 01:15:00,256.606445,22.4911137,548.921875
2024-03-25 01:30:00,257.398132,22.4285679,542.093994
2024-03-25 01:45:00,257.398132,22.3660374,523.663025
2024-03-25 02:00:00,257.398132,22.3034916,529.908569
2024-03-25 02:15:00,257.398132,22.2409611,516.721741
2024-03-25 02:30:00,257.398132,22.3034916,515.744934
2024-03-25 02:45:00,257.398132,22.4285679,508.907318
2024-03-25 03:00:00,257.398132,22.3660374,488.9617
2024-03-25 03:15:00,257.398132,22.3034916,480.415161
2024-03-25 03:30:00,257.398132,22.3034916,485.973145
2024-03-25 03:45:00,257.398132,22.1158695,474.719269
2024-03-25 04:00:00,257.398132,22.053339,463.974487
2024-03-25 04:15:00,257.398132,22.053339,453.718048
2024-03-25 04:30:00,257.398132,21.9907932,448.034058
2024-03-25 04:45:00,257.398132,21.9907932,465.916534
2024-03-25 05:00:00,257.398132,22.053339,452.405609
2024-03-25 05:15:00,257.398132,21.9282475,451.753845
2024-03-25 05:30:00,257.398132,21.8657169,434.670441
2024-03-25 05:45:00,257.398132,21.4904881,435.647247
2024-03-25 06:00:00,257.398132,21.2403202,430.763245
2024-03-25 06:15:00,257.398132,21.1152439,444.604614
2024-03-25 06:30:00,257.398132,20.9901676,430.763245
2024-03-25 06:45:00,257.398132,21.1152439,431.740051
2024-03-25 07:00:00,257.398132,21.0526981,427.832825
2024-03-25 07:15:00,1862.10132,21.0526981,424.902435
2024-03-25 07:30:00,2018.16772,20.8025455,433.693634
2024-03-25 07:45:00,1950.84839,20.4273014,436.624054
2024-03-25 08:00:00,1904.61938,20.3647556,453.72934
2024-03-25 08:15:00,1913.39172,20.8025455,454.111359
2024-03-25 08:30:00,1932.20764,21.6155491,449.810822
2024-03-25 08:45:00,1997.10889,21.9907932,452.741241
2024-03-25 09:00:00,1998.32361,22.3034916,467.881683
2024-03-25 09:15:00,645.173035,22.5536594,478.626495
2024-03-25 09:30:00,336.086639,22.7412815,478.609192
2024-03-25 09:45:00,319.289886,22.803812,491.679016
2024-03-25 10:00:00,308.127319,22.8663425,490.836487
2024-03-25 10:15:00,1071.04944,22.7412815,509.884125
2024-03-25 10:30:00,373.855865,22.9914341,511.837708
2024-03-25 10:45:00,253.662048,23.2415867,499.627686
2024-03-25 11:00:00,245.717575,23.1165104,509.884125
2024-03-25 11:15:00,443.592133,23.1165104,500.604492
2024-03-25 11:30:00,443.417145,23.3041325,504.942108
2024-03-25 11:45:00,388.106018,23.3041325,484.039215
2024-03-25 12:00:00,285.264893,22.9914341,472.765686
2024-03-25 12:15:00,449.986938,22.9288883,481.556885
2024-03-25 12:30:00,1328.97424,22.7412815,492.79007
2024-03-25 12:45:00,1891.87854,22.5536594,505.953461
2024-03-25 13:00:00,2048.42627,22.4285679,486.92926
2024-03-25 13:15:00,2093.85718,22.3034916,495.133148
2024-03-25 13:30:00,2064.47876,22.3034916,485.952484
2024-03-25 13:45:00,2012.51367,22.3034916,488.882874
2024-03-25 14:00:00,2015.42749,22.1784153,480.580078
2024-03-25 14:15:00,2086.73926,22.053339,476.672882
2024-03-25 14:30:00,2026.67944,21.9282475,476.089386
2024-03-25 14:45:00,2030.02136,21.9907932,471.788879
2024-03-25 15:00:00,2078.74487,21.9907932,493.498383
2024-03-25 15:15:00,2070.69849,21.8657169,480.580078
2024-03-25 15:30:00,2040.78259,21.8657169,482.95874
2024-03-25 15:45:00,1500.45557,21.6780949,465.92807
2024-03-25 16:00:00,461.440216,21.6155491,454.694855
2024-03-25 16:15:00,310.978455,21.6780949,430.763245
2024-03-25 16:30:00,295.642242,22.1784153,433.693634
2024-03-25 16:45:00,834.211914,22.5536594,459.200531
2024-03-25 17:00:00,1490.54272,22.3660374,433.33139
2024-03-25 17:15:00,1971.47278,22.3034916,434.705505
2024-03-25 17:30:00,2043.10718,22.2909851,444.926819
2024-03-25 17:45:00,2026.28992,22.1784153,434.592285
2024-03-25 18:00:00,1986.92883,22.1158695,437.600861
2024-03-25 18:15:00,257.398132,22.4911137,438.932373
2024-03-25 18:30:00,250.293533,22.6787205,445.912842
2024-03-25 18:45:00,254.396179,22.61619,451.764435
2024-03-25 19:00:00,257.398132,22.61619,460.555634
2024-03-25 19:15:00,257.398132,22.3660374,443.950043
2024-03-25 19:30:00,257.398132,22.2409611,447.857239
2024-03-25 19:45:00,256.65094,22.053339,437.600861
2024-03-25 20:00:00,257.398132,21.9282475,437.600861
2024-03-25 20:15:00,257.398132,21.8657169,459.567505
2024-03-25 20:30:00,254.999435,21.9907932,462.06488
2024-03-25 20:45:00,257.398132,21.9282475,481.556885
2024-03-25 21:00:00,257.398132,21.9282475,480.580078
2024-03-25 21:15:00,257.398132,21.8657169,496.697266
2024-03-25 21:30:00,257.398132,21.8031712,502.558075
2024-03-25 21:45:00,257.398132,21.8031712,515.744934
2024-03-25 22:00:00,257.398132,21.8031712,542.606934
2024-03-25 22:15:00,257.398132,21.9907932,529.865295
2024-03-25 22:30:00,257.398132,22.053339,516.721741
2024-03-25 22:45:00,257.398132,22.1158695,511.837708
2024-03-25 23:00:00,257.398132,22.1784153,521.605774
2024-03-25 23:15:00,257.398132,22.2409611,522.330261
2024-03-25 23:30:00,257.398132,22.2409611,536.746155
2024-03-25 23:45:00,257.398132,22.3118877,544.224915
2024-03-26 00:00:00,257.398132,22.3034916,554.817017
2024-03-26 00:15:00,257.398132,22.3660374,548.956177
2024-03-26 00:30:00,258.56134,22.3660374,564.585022
2024-03-26 00:45:00,257.398132,22.2409611,542.606934
2024-03-26 01:00:00,257.398132,22.2409611,555.189636
2024-03-26 01:15:00,257.398132,22.1784153,547.002563
2024-03-26 01:30:00,257.398132,22.1158695,536.966064
2024-03-26 01:45:00,257.398132,22.1784153,552.863403
2024-03-26 02:00:00,257.398132,22.1158695,533.815735
2024-03-26 02:15:00,257.398132,22.053339,522.582581
2024-03-26 02:30:00,257.398132,21.9907932,520.628967
2024-03-26 02:45:00,257.398132,21.8657169,498.857086
2024-03-26 03:00:00,257.398132,21.8657169,500.966736
2024-03-26 03:15:00,257.398132,21.8821087,501.594055
2024-03-26 03:30:00,257.398132,21.8657169,483.022064
2024-03-26 03:45:00,257.398132,21.8657169,483.315125
2024-03-26 04:00:00,257.398132,21.8657169,489.85968
2024-03-26 04:15:00,258.313354,21.8031712,459.578857
2024-03-26 04:30:00,257.398132,21.7406406,465.974213
2024-03-26 04:45:00,257.398132,21.8031712,468.523651
2024-03-26 05:00:00,259.488129,21.7406406,453.7341
2024-03-26 05:15:00,257.398132,21.7406406,453.718048
2024-03-26 05:30:00,255.055893,21.6155491,457.625244
2024-03-26 05:45:00,257.398132,21.2403202,441.019623
2024-03-26 06:00:00,257.398132,21.1777744,447.773315
2024-03-26 06:15:00,257.398132,21.0526981,453.718048
2024-03-26 06:30:00,257.398132,21.0526981,461.853699
2024-03-26 06:45:00,257.398132,20.9276218,453.718048
2024-03-26 07:00:00,257.398132,20.9276218,467.881683
2024-03-26 07:15:00,1831.26123,20.8025455,477.649689
2024-03-26 07:30:00,1973.97961,20.6149235,461.96225
2024-03-26 07:45:00,1956.026,20.1771336,468.710663
2024-03-26 08:00:00,1977.37061,20.1771336,471.788879
2024-03-26 08:15:00,1931.46118,20.6149235,474.719269
2024-03-26 08:30:00,1941.47778,21.302866,456.648438
2024-03-26 08:45:00,1939.88733,21.6155491,450.592285
2024-03-26 09:00:00,1920.27917,21.9282475,456.789215
2024-03-26 09:15:00,2000.07227,22.1158695,458.602051
2024-03-26 09:30:00,2029.13342,22.3660374,463.964172
2024-03-26 09:45:00,690.82019,22.4911137,452.741241
2024-03-26 10:00:00,355.519562,22.5536594,458.602051
2024-03-26 10:15:00,344.974091,22.61619,458.602051
2024-03-26 10:30:00,300.233032,22.4911137,472.559479
2024-03-26 10:45:00,333.137177,22.3034916,455.288757
2024-03-26 11:00:00,968.179382,22.4285679,452.741241
2024-03-26 11:15:00,1334.16016,22.2409611,451.764435
2024-03-26 11:30:00,1486.20166,22.3034916,439.554443
2024-03-26 11:45:00,1642.2135,22.2153416,452.741241
2024-03-26 12:00:00,1618.21265,22.1784153,441.398651
2024-03-26 12:15:00,1994.15527,22.4911137,442.068512
2024-03-26 12:30:00,2131.3811,22.7412815,458.602051
2024-03-26 12:45:00,2052.77563,22.7412815,471.756989
2024-03-26 13:00:00,2063.43408,23.1165104,475.696075
2024-03-26 13:15:00,2113.25098,22.9914341,479.603302
2024-03-26 13:30:00,2100.31421,22.7412815,472.765686
2024-03-26 13:45:00,2043.06433,22.7412815,476.672882
2024-03-26 14:00:00,2098.27759,22.6787205,467.881683
2024-03-26 14:15:00,2081.40015,22.7412815,463.974487
2024-03-26 14:30:00,2017.13306,22.61619,468.85849
2024-03-26 14:45:00,2041.26196,22.5536594,467.881683
2024-03-26 15:00:00,1996.87341,22.5536594,449.810822
2024-03-26 15:15:00,2031.67371,22.5536594,459.578857
2024-03-26 15:30:00,1983.974,22.61619,442.332062
2024-03-26 15:45:00,1972.62,22.5536594,434.670441
2024-03-26 16:00:00,1992.48462,22.5536594,429.720459
2024-03-26 16:15:00,2043.56653,22.61619,420.995239
2024-03-26 16:30:00,2019.16492,22.61619,432.707642
2024-03-26 16:45:00,2012.85901,22.4911137,427.832825
2024-03-26 17:00:00,2039.08569,22.053339,415.622803
2024-03-26 17:15:00,1983.45398,21.9282475,434.670441
2024-03-26 17:30:00,2032.1499,21.8657169,425.715363
2024-03-26 17:45:00,1938.21033,21.8031712,426.883728
2024-03-26 18:00:00,1963.43274,21.8657169,436.926117
2024-03-26 18:15:00,241.189011,22.3660374,445.91272
2024-03-26 18:30:00,252.634918,22.5536594,454.694855
2024-03-26 18:45:00,252.111191,22.4911137,455.671631
2024-03-26 19:00:00,257.398132,22.3034916,468.85849
2024-03-26 19:15:00,256.229706,22.2409611,493.347351
2024-03-26 19:30:00,252.384995,22.1579189,479.603302
2024-03-26 19:45:00,257.398132,22.1158695,466.761902
2024-03-26 20:00:00,257.398132,21.9907932,466.904877
2024-03-26 20:15:00,257.398132,21.9282475,448.834045
2024-03-26 20:30:00,257.398132,22.1158695,456.648438
2024-03-26 20:45:00,257.398132,21.8657169,453.718048
2024-03-26 21:00:00,257.398132,21.9282475,466.653168
2024-03-26 21:15:00,257.398132,21.9907932,490.573639
2024-03-26 21:30:00,257.398132,21.9907932,508.018463
2024-03-26 21:45:00,257.398132,22.053339,495.72049
2024-03-26 22:00:00,257.398132,22.053339,513.791321
2024-03-26 22:15:00,257.398132,22.2409611,485.952484
2024-03-26 22:30:00,257.398132,22.3660374,489.781525
2024-03-26 22:45:00,257.398132,22.3660374,490.79248
2024-03-26 23:00:00,258.56134,22.3660374,497.674072
2024-03-26 23:15:00,257.398132,22.3660374,488.9151
2024-03-26 23:30:00,257.398132,22.4285679,500.604492
2024-03-26 23:45:00,257.398132,22.4285679,522.582581
2024-03-27 00:00:00,259.488129,22.4285679,520.628967
2024-03-27 00:15:00,259.294922,22.4911137,531.3974
2024-03-27 00:30:00,257.398132,22.4285679,554.817017
2024-03-27 00:45:00,257.398132,22.4285679,557.747375
2024-03-27 01:00:00,257.398132,22.3034916,548.944702
2024-03-27 01:15:00,257.398132,22.2409611,546.025757
2024-03-27 01:30:00,258.56134,22.1784153,547.97937
2024-03-27 01:45:00,257.398132,22.1784153,534.792542
2024-03-27 02:00:00,260.210419,22.1158695,519.472473
2024-03-27 02:15:00,257.398132,22.066452,515.744934
2024-03-27 02:30:00,257.398132,22.053339,509.95285
2024-03-27 02:45:00,257.398132,22.053339,492.79007
2024-03-27 03:00:00,257.398132,21.9907932,490.815063
2024-03-27 03:15:00,257.398132,21.9282475,485.952484
2024-03-27 03:30:00,257.398132,21.8657169,471.788879
2024-03-27 03:45:00,257.398132,21.8657169,473.654541
2024-03-27 04:00:00,257.398132,21.8657169,457.625244
2024-03-27 04:15:00,257.398132,21.8031712,456.648438
2024-03-27 04:30:00,257.398132,21.8031712,448.834045
2024-03-27 04:45:00,261.932587,21.7406406,442.956635
2024-03-27 05:00:00,258.252441,21.8031712,447.857239
2024-03-27 05:15:00,257.398132,21.6780949,431.740051
2024-03-27 05:30:00,257.398132,21.5530186,439.554443
2024-03-27 05:45:00,257.398132,20.9901676,426.856049
2024-03-27 06:00:00,257.398132,20.9276218,424.902435
2024-03-27 06:15:00,257.398132,20.9276218,420.100891
2024-03-27 06:30:00,257.398132,20.9901676,430.746613
2024-03-27 06:45:00,257.398132,20.815052,430.763245
2024-03-27 07:00:00,257.398132,20.8025455,427.996704
2024-03-27 07:15:00,1829.40125,20.8650761,433.693634
2024-03-27 07:30:00,1943.68372,20.4898472,438.605133
2024-03-27 07:45:00,1914.84216,20.114603,453.718048
2024-03-27 08:00:00,1930.5658,20.114603,458.602051
2024-03-27 08:15:00,1950.37415,20.5023537,464.951263
2024-03-27 08:30:00,1901.91052,21.2403202,483.022064
2024-03-27 08:45:00,1907.36523,21.5530186,450.787628
2024-03-27 09:00:00,1915.59436,21.7406406,444.016815
2024-03-27 09:15:00,1986.38354,21.9282475,430.763245
2024-03-27 09:30:00,2000.12195,22.1158695,443.950043
2024-03-27 09:45:00,2031.12756,22.2409611,444.926819
2024-03-27 10:00:00,2040.76001,22.2409611,442.973236
2024-03-27 10:15:00,1088.07837,22.3660374,448.480835
2024-03-27 10:30:00,316.344086,22.4285679,455.671631
2024-03-27 10:45:00,309.243835,22.4285679,481.127289
2024-03-27 11:00:00,269.153778,22.4285679,452.741241
2024-03-27 11:15:00,309.253967,22.3660374,465.92807
2024-03-27 11:30:00,313.421692,22.3034916,485.952484
2024-03-27 11:45:00,230.7892,22.2409611,483.998871
2024-03-27 12:00:00,343.277344,22.3034916,495.692993
2024-03-27 12:15:00,492.67041,22.2409611,533.815735
2024-03-27 12:30:00,523.764404,22.2409611,521.037231
2024-03-27 12:45:00,554.390564,22.1784153,535.769348
2024-03-27 13:00:00,780.913757,22.2409611,550.891357
2024-03-27 13:15:00,811.612183,22.2409611,527.954956
2024-03-27 13:30:00,1334.42407,22.2409611,511.837708
2024-03-27 13:45:00,1383.24573,22.1784153,496.697266
2024-03-27 14:00:00,1374.66541,22.1158695,486.129059
2024-03-27 14:15:00,1380.06592,21.9282475,483.00766
2024-03-27 14:30:00,1361.20288,22.1158695,485.395203
2024-03-27 14:45:00,1409.33228,22.1784153,485.952484
2024-03-27 15:00:00,1518.06995,22.2950993,481.556885
2024-03-27 15:15:00,1594.93408,22.1158695,484.975677
2024-03-27 15:30:00,1581.60876,22.053339,472.765686
2024-03-27 15:45:00,1568.31689,21.8657169,483.756256
2024-03-27 16:00:00,1446.1073,21.7406406,473.770538
2024-03-27 16:15:00,1293.22144,21.8031712,467.551025
2024-03-27 16:30:00,1278.13306,21.8031712,465.92807
2024-03-27 16:45:00,1282.79309,21.9907932,463.974487
2024-03-27 17:00:00,1280.63135,21.8031712,466.904877
2024-03-27 17:15:00,1277.65625,21.9282475,471.788879
2024-03-27 17:30:00,1269.8916,21.8657169,463.831512
2024-03-27 17:45:00,1281.8241,21.8657169,464.327667
2024-03-27 18:00:00,1277.44946,21.9907932,458.53717
2024-03-27 18:15:00,245.257736,22.4285679,453.718048
2024-03-27 18:30:00,253.073975,22.61619,468.85849
2024-03-27 18:45:00,257.398132,22.5536594,469.835266
2024-03-27 19:00:00,257.398132,22.4911137,470.812073
2024-03-27 19:15:00,257.398132,22.3660374,466.904877
2024-03-27 19:30:00,257.398132,22.1158695,467.881683
2024-03-27 19:45:00,257.398132,21.9907932,464.951263
2024-03-27 20:00:00,256.229706,21.9282475,457.361633
2024-03-27 20:15:00,257.398132,21.9907932,483.035309
2024-03-27 20:30:00,257.398132,21.8657169,486.92926
2024-03-27 20:45:00,257.398132,21.8657169,502.849182
2024-03-27 21:00:00,257.398132,21.8031712,510.860931
2024-03-27 21:15:00,257.398132,21.7406406,506.785889
2024-03-27 21:30:00,257.398132,21.4904881,493.77536
2024-03-27 21:45:00,257.398132,21.6780949,512.814575
2024-03-27 22:00:00,253.942841,21.6780949,519.652161
2024-03-27 22:15:00,257.398132,21.8657169,532.838928
2024-03-27 22:30:00,257.398132,21.9282475,542.670532
2024-03-27 22:45:00,257.398132,21.9907932,546.025757
2024-03-27 23:00:00,257.398132,22.053339,550.108887
2024-03-27 23:15:00,257.398132,22.1158695,564.585022
2024-03-27 23:30:00,257.398132,22.053339,558.724182
2024-03-27 23:45:00,257.398132,22.053339,571.911011
2024-03-28 00:00:00,257.398132,22.053339,594.865845
2024-03-28 00:15:00,256.441376,22.1158695,547.97937
2024-03-28 00:30:00,257.398132,22.053339,623.890015
2024-03-28 00:45:00,257.398132,21.9282475,602.680237
2024-03-28 01:00:00,257.398132,21.8657169,610.983032
2024-03-28 01:15:00,257.398132,21.8657169,606.587463
2024-03-28 01:30:00,257.398132,21.8031712,610.006226
2024-03-28 01:45:00,257.398132,21.7406406,605.815491
2024-03-28 02:00:00,257.398132,21.6780949,587.995789
2024-03-28 02:15:00,257.398132,21.6780949,586.562988
2024-03-28 02:30:00,257.398132,21.6155491,572.887756
2024-03-28 02:45:00,257.398132,21.6155491,562.631409
2024-03-28 03:00:00,257.398132,21.6155491,558.724182
2024-03-28 03:15:00,257.398132,21.6780949,534.792542
2024-03-28 03:30:00,257.398132,21.6780949,529.456238
2024-03-28 03:45:00,258.329102,21.6155491,533.815735
2024-03-28 04:00:00,257.398132,21.4904881,521.605774
2024-03-28 04:15:00,257.398132,21.427927,500.604492
2024-03-28 04:30:00,257.398132,21.4904881,488.838013
2024-03-28 04:45:00,257.398132,21.427927,488.882874
2024-03-28 05:00:00,257.398132,21.427927,480.580078
2024-03-28 05:15:00,259.043182,21.3653965,477.539734
2024-03-28 05:30:00,259.719299,21.2403202,454.694855
2024-03-28 05:45:00,258.589203,20.8650761,457.662689
2024-03-28 06:00:00,257.398132,20.7399998,454.694855
2024-03-28 06:15:00,257.398132,20.6149235,443.950043
2024-03-28 06:30:00,257.398132,20.6149235,444.926819
2024-03-28 06:45:00,257.398132,20.6149235,447.786896
2024-03-28 07:00:00,257.398132,20.5523777,440.928131
2024-03-28 07:15:00,1841.86462,20.8650761,454.694855
2024-03-28 07:30:00,1927.43103,21.302866,452.718567
2024-03-28 07:45:00,1914.60974,21.5530186,438.577637
2024-03-28 08:00:00,1953.44714,21.8031712,464.951263
2024-03-28 08:15:00,1912.93323,21.8657169,459.578857
2024-03-28 08:30:00,1947.88074,21.9282475,467.986572
2024-03-28 08:45:00,2023.21948,22.1158695,463.992218
2024-03-28 09:00:00,2015.42261,22.2409611,443.950043
2024-03-28 09:15:00,1823.23303,22.3034916,453.718048
2024-03-28 09:30:00,351.095734,22.4911137,456.648438
2024-03-28 09:45:00,351.534454,22.6787205,450.787628
2024-03-28 10:00:00,241.84549,22.6787205,459.578857
2024-03-28 10:15:00,303.485687,22.6787205,458.791077
2024-03-28 10:30:00,1175.73108,22.6787205,476.065887
2024-03-28 10:45:00,1828.37292,22.5536594,486.76709
2024-03-28 11:00:00,2075.7666,22.3660374,480.580078
2024-03-28 11:15:00,2016.6864,22.2409611,447.857239
2024-03-28 11:30:00,2021.68494,22.1158695,459.578857
2024-03-28 11:45:00,1976.86401,22.1158695,486.92926
2024-03-28 12:00:00,2020.67639,22.2409611,469.835266
2024-03-28 12:15:00,2097.11768,22.2409611,491.866974
2024-03-28 12:30:00,2067.42993,22.1158695,485.969025
2024-03-28 12:45:00,2015.797,22.1784153,498.716858
2024-03-28 13:00:00,2025.21069,22.2409611,499.627686
2024-03-28 13:15:00,2030.30688,22.1158695,483.022064
2024-03-28 13:30:00,2027.73438,21.9282475,490.174316
2024-03-28 13:45:00,2105.71533,21.9282475,490.836487
2024-03-28 14:00:00,2025.14404,21.9282475,482.843353
2024-03-28 14:15:00,2022.22119,21.8657169,483.022064
2024-03-28 14:30:00,2057.76392,21.8031712,476.658478
2024-03-28 14:45:00,1899.36462,21.8031712,472.765686
2024-03-28 15:00:00,1926.51929,21.8031712,467.881683
2024-03-28 15:15:00,1953.73694,21.9282475,496.389343
2024-03-28 15:30:00,1922.57947,21.8657169,473.742493
2024-03-28 15:45:00,1951.6554,21.8657169,470.812073
2024-03-28 16:00:00,1828.97571,21.7406406,457.625244
2024-03-28 16:15:00,1524.91919,21.8031712,467.881683
2024-03-28 16:30:00,1404.198,21.7406406,450.787628
2024-03-28 16:45:00,1072.44629,21.8031712,461.320068
2024-03-28 17:00:00,816.953125,21.8031712,447.857239
2024-03-28 17:15:00,830.662415,21.8657169,451.63559
2024-03-28 17:30:00,824.889099,21.9907932,451.753998
2024-03-28 17:45:00,828.921448,21.9282475,456.648438
2024-03-28 18:00:00,834.027039,21.8657169,449.810822
2024-03-28 18:15:00,255.334518,22.053339,452.741241
2024-03-28 18:30:00,257.398132,22.1784153,445.133026
2024-03-28 18:45:00,255.325333,22.1784153,464.82431
2024-03-28 19:00:00,257.398132,22.1158695,471.6875
2024-03-28 19:15:00,257.398132,21.9907932,464.951263
2024-03-28 19:30:00,257.398132,21.7406406,458.602051
2024-03-28 19:45:00,255.86554,21.4904881,444.926819
2024-03-28 20:00:00,258.886078,21.2403202,444.350128
2024-03-28 20:15:00,257.398132,21.1152439,436.624054
2024-03-28 20:30:00,257.398132,21.1908932,457.520355
2024-03-28 20:45:00,257.398132,21.1777744,445.903625
2024-03-28 21:00:00,257.398132,21.1152439,455.671631
2024-03-28 21:15:00,257.398132,21.1152439,467.881683
2024-03-28 21:30:00,257.398132,21.2403202,474.719269
2024-03-28 21:45:00,257.398132,21.2403202,487.906067
2024-03-28 22:00:00,257.398132,21.1777744,486.943451
2024-03-28 22:15:00,257.398132,21.3653965,505.933929
2024-03-28 22:30:00,257.398132,21.5530186,526.958252
2024-03-28 22:45:00,255.291092,21.7406406,516.721741
2024-03-28 23:00:00,257.398132,21.8657169,511.837708
2024-03-28 23:15:00,257.398132,21.8031712,523.559387
2024-03-28 23:30:00,257.398132,21.7406406,533.241638
2024-03-28 23:45:00,257.398132,21.7406406,549.112488
2024-03-29 00:00:00,258.347626,21.7406406,558.724182
2024-03-29 00:15:00,258.329102,21.7406406,576.794983
2024-03-29 00:30:00,257.398132,21.7406406,581.679016
2024-03-29 00:45:00,260.469604,21.6780949,574.84137
2024-03-29 01:00:00,257.398132,21.6155491,575.818176
2024-03-29 01:15:00,257.398132,21.5530186,557.747375
2024-03-29 01:30:00,257.398132,21.4904881,546.429016
2024-03-29 01:45:00,257.398132,21.427927,546.025757
2024-03-29 02:00:00,257.398132,21.427927,538.699768
2024-03-29 02:15:00,257.398132,21.3653965,529.908569
2024-03-29 02:30:00,257.398132,21.3653965,507.930511
2024-03-29 02:45:00,257.398132,21.3653965,507.35379
2024-03-29 03:00:00,257.398132,21.302866,485.997528
2024-03-29 03:15:00,257.398132,21.3653965,487.906067
2024-03-29 03:30:00,257.398132,21.427927,475.696075
2024-03-29 03:45:00,258.008636,21.302866,472.765686
2024-03-29 04:00:00,257.398132,21.2403202,456.188965
2024-03-29 04:15:00,257.398132,21.2403202,443.950043
2024-03-29 04:30:00,257.398132,21.1777744,450.020599
2024-03-29 04:45:00,257.398132,21.1777744,435.656097
2024-03-29 05:00:00,257.398132,21.2403202,438.470245
2024-03-29 05:15:00,257.398132,21.1777744,433.70639
2024-03-29 05:30:00,257.398132,21.0526981,443.950043
2024-03-29 05:45:00,257.398132,20.677454,457.494141
2024-03-29 06:00:00,257.398132,20.4898472,466.904877
2024-03-29 06:15:00,258.693756,20.5523777,465.845612
2024-03-29 06:30:00,257.398132,20.6149235,468.85849
2024-03-29 06:45:00,257.398132,20.5523777,451.764435
2024-03-29 07:00:00,257.398132,20.5523777,446.880432
2024-03-29 07:15:00,1820.31775,20.7195034,450.787628
2024-03-29 07:30:00,1972.32544,21.1152439,446.836426
2024-03-29 07:45:00,1946.64526,21.4023132,430.669464
2024-03-29 08:00:00,1985.67859,21.6155491,434.738922
2024-03-29 08:15:00,1901.90125,21.7406406,421.972046
2024-03-29 08:30:00,1987.70325,21.8031712,432.716858
2024-03-29 08:45:00,1974.94421,21.9282475,437.600861
2024-03-29 09:00:00,2028.73975,22.053339,442.019867
2024-03-29 09:15:00,2022.2926,22.1158695,436.624054
2024-03-29 09:30:00,2028.34595,22.1784153,432.611969
2024-03-29 09:45:00,2025.19226,22.1784153,428.842102
2024-03-29 10:00:00,2013.62292,22.2409611,438.577637
2024-03-29 10:15:00,930.998596,22.3660374,433.693634
2024-03-29 10:30:00,296.442413,22.5536594,435.647247
2024-03-29 10:45:00,287.473175,22.61619,433.908417
2024-03-29 11:00:00,306.994812,22.61619,439.847473
2024-03-29 11:15:00,786.43219,22.6787205,434.777435
2024-03-29 11:30:00,1520.37,22.4911137,447.857239
2024-03-29 11:45:00,1843.85327,22.2409611,456.648438
2024-03-29 12:00:00,2016.53381,22.3034916,446.880432
2024-03-29 12:15:00,2087.19604,22.3660374,456.707062
2024-03-29 12:30:00,2043.71399,22.1784153,453.760284
2024-03-29 12:45:00,2006.04041,22.1158695,449.810822
2024-03-29 13:00:00,2000.78015,22.1784153,460.555634
2024-03-29 13:15:00,2008.82532,22.3034916,468.85849
2024-03-29 13:30:00,2021.92529,22.1784153,454.705994
2024-03-29 13:45:00,2119.1665,22.4911137,458.602051
2024-03-29 14:00:00,2145.81885,22.4911137,458.407776
2024-03-29 14:15:00,2053.59937,22.3660374,447.857239
2024-03-29 14:30:00,2083.771,22.3034916,436.624054
2024-03-29 14:45:00,2058.6084,22.3034916,447.857239
2024-03-29 15:00:00,2049.49878,22.1784153,442.106384
2024-03-29 15:15:00,2072.50146,22.1158695,445.903625
2024-03-29 15:30:00,2080.30957,22.1158695,436.624054
2024-03-29 15:45:00,2032.15759,22.1158695,441.019623
2024-03-29 16:00:00,2012.17578,22.1784153,433.693634
2024-03-29 16:15:00,2047.94617,22.053339,425.144379
2024-03-29 16:30:00,2029.64148,22.053339,426.600006
2024-03-29 16:45:00,2069.09302,22.053339,397.811005
2024-03-29 17:00:00,2043.52185,21.9907932,427.832825
2024-03-29 17:15:00,2005.30615,21.9282475,420.018433
2024-03-29 17:30:00,2082.44922,21.9907932,433.693634
2024-03-29 17:45:00,2026.09778,21.9907932,424.019409
2024-03-29 18:00:00,2040.31152,21.9907932,418.553192
2024-03-29 18:15:00,256.326263,22.5536594,428.999817
2024-03-29 18:30:00,255.053192,22.803812,431.760712
2024-03-29 18:45:00,241.478821,22.803812,436.624054
2024-03-29 19:00:00,256.786224,22.7412815,436.638184
2024-03-29 19:15:00,257.398132,22.5536594,445.903625
2024-03-29 19:30:00,257.398132,22.3660374,431.582642
2024-03-29 19:45:00,257.398132,22.2409611,439.554443
2024-03-29 20:00:00,257.398132,22.2009315,450.787628
2024-03-29 20:15:00,257.398132,22.3034916,438.577637
2024-03-29 20:30:00,255.519714,22.2409611,468.816071
2024-03-29 20:45:00,257.398132,22.1158695,488.882874
2024-03-29 21:00:00,257.398132,22.053339,497.674072
2024-03-29 21:15:00,257.398132,21.8657169,514.929199
2024-03-29 21:30:00,257.398132,21.9907932,544.970825
2024-03-29 21:45:00,257.398132,22.053339,551.737061
2024-03-29 22:00:00,257.398132,21.9282475,562.631409
2024-03-29 22:15:00,257.398132,22.053339,543.613647
2024-03-29 22:30:00,257.398132,22.1784153,525.024536
2024-03-29 22:45:00,257.398132,22.2409611,548.956177
2024-03-29 23:00:00,257.398132,22.2409611,551.886597
2024-03-29 23:15:00,257.398132,22.2409611,547.207397
2024-03-29 23:30:00,257.398132,22.1784153,573.891602
2024-03-29 23:45:00,257.398132,22.1784153,564.391113
2024-03-30 00:00:00,257.398132,22.1784153,579.703247
2024-03-30 00:15:00,257.398132,22.1158695,572.887756
2024-03-30 00:30:00,257.398132,22.1158695,574.84137
2024-03-30 00:45:00,257.398132,22.053339,580.702209
2024-03-30 01:00:00,257.398132,21.9282475,577.77179
2024-03-30 01:15:00,257.398132,21.8657169,577.752869
2024-03-30 01:30:00,257.398132,21.8031712,572.715942
2024-03-30 01:45:00,257.398132,21.8031712,565.561829
2024-03-30 02:00:00,257.398132,21.8031712,554.817017
2024-03-30 02:15:00,257.398132,21.7406406,559.700989
2024-03-30 02:30:00,257.398132,21.7406406,547.002563
2024-03-30 02:45:00,257.398132,21.6780949,532.667114
2024-03-30 03:00:00,257.398132,21.6155491,532.838928
2024-03-30 03:15:00,257.398132,21.5530186,514.72345
2024-03-30 03:30:00,257.398132,21.5530186,506.953705
2024-03-30 03:45:00,257.398132,21.5530186,501.581299
2024-03-30 04:00:00,257.398132,21.5530186,451.764435
2024-03-30 04:15:00,257.398132,21.427927,495.72049
2024-03-30 04:30:00,257.398132,21.427927,495.693451
2024-03-30 04:45:00,257.398132,21.3233566,483.022064
2024-03-30 05:00:00,257.398132,21.302866,469.8685
2024-03-30 05:15:00,257.398132,21.302866,479.603302
2024-03-30 05:30:00,257.398132,21.1152439,461.96286
2024-03-30 05:45:00,257.398132,20.8025455,457.758972
2024-03-30 06:00:00,259.307617,20.6149235,454.694855
2024-03-30 06:15:00,260.295044,20.4898472,456.648438
2024-03-30 06:30:00,257.398132,20.4898472,449.810822
2024-03-30 06:45:00,257.398132,20.4898472,452.741241
2024-03-30 07:00:00,257.398132,20.4273014,466.904877
2024-03-30 07:15:00,1869.37524,20.7399998,482.300842
2024-03-30 07:30:00,1969.65088,21.2403202,477.649689
2024-03-30 07:45:00,1971.47485,21.5530186,470.743347
2024-03-30 08:00:00,2004.64014,21.8031712,478.626495
2024-03-30 08:15:00,1929.97241,21.9907932,481.556885
2024-03-30 08:30:00,1950.27698,22.1784153,491.229797
2024-03-30 08:45:00,2069.47314,22.3660374,492.79007
2024-03-30 09:00:00,584.945435,22.4911137,478.905731
2024-03-30 09:15:00,365.373383,22.803812,501.581299
2024-03-30 09:30:00,329.035614,22.7412815,491.903534
2024-03-30 09:45:00,301.425323,22.803812,490.836487
2024-03-30 10:00:00,877.921326,22.61619,493.743256
2024-03-30 10:15:00,1176.84595,22.2409611,486.92926
2024-03-30 10:30:00,1408.05542,22.3034916,478.855835
2024-03-30 10:45:00,1440.35547,22.1784153,469.850037
2024-03-30 11:00:00,1439.15088,22.1158695,475.696075
2024-03-30 11:15:00,1425.28455,22.1784153,468.85849
2024-03-30 11:30:00,1453.68835,22.1784153,475.696075
2024-03-30 11:45:00,1820.43042,22.3660374,450.787628
2024-03-30 12:00:00,2110.59204,22.3660374,447.857239
2024-03-30 12:15:00,2097.69458,22.3660374,458.430237
2024-03-30 12:30:00,2107.55078,22.3034916,456.023285
2024-03-30 12:45:00,2075.75171,22.3034916,473.787354
2024-03-30 13:00:00,2055.11816,22.3660374,464.951263
2024-03-30 13:15:00,2123.93384,22.4285679,471.788879
2024-03-30 13:30:00,2086.77295,22.3660374,472.765686
2024-03-30 13:45:00,2078.22266,22.2409611,455.280945
2024-03-30 14:00:00,1998.16858,22.2409611,463.736938
2024-03-30 14:15:00,2044.08118,22.1158695,456.506104
2024-03-30 14:30:00,2039.3147,22.1784153,457.645996
2024-03-30 14:45:00,2010.19666,22.1158695,446.880432
2024-03-30 15:00:00,2012.38025,21.9282475,449.822632
2024-03-30 15:15:00,2029.25183,21.9282475,444.926819
2024-03-30 15:30:00,2014.11792,22.053339,439.311584
2024-03-30 15:45:00,2040.3197,22.053339,442.973236
2024-03-30 16:00:00,2050.64746,22.053339,435.647247
2024-03-30 16:15:00,2055.58887,22.053339,433.693634
2024-03-30 16:30:00,2081.71362,22.1158695,417.576416
2024-03-30 16:45:00,2069.23755,22.053339,431.740051
2024-03-30 17:00:00,2017.8772,22.053339,437.600861
2024-03-30 17:15:00,2023.83667,22.1158695,436.556915
2024-03-30 17:30:00,2041.37231,22.1158695,437.600861
2024-03-30 17:45:00,1996.38354,21.9907932,432.322937
2024-03-30 18:00:00,2056.6543,21.9282475,437.600861
2024-03-30 18:15:00,257.398132,22.5536594,460.604706
2024-03-30 18:30:00,256.229706,22.7412815,467.881683
2024-03-30 18:45:00,257.398132,22.803812,471.788879
2024-03-30 19:00:00,257.398132,22.803812,476.672882
2024-03-30 19:15:00,257.398132,22.6787205,496.697266
2024-03-30 19:30:00,257.398132,22.61619,507.070831
2024-03-30 19:45:00,257.398132,22.4911137,505.970428
2024-03-30 20:00:00,255.961594,22.3660374,521.605774
2024-03-30 20:15:00,257.398132,22.3660374,496.697266
2024-03-30 20:30:00,257.398132,22.2409611,493.766876
2024-03-30 20:45:00,257.398132,22.1784153,478.626495
2024-03-30 21:00:00,257.398132,22.1158695,483.998871
2024-03-30 21:15:00,256.441376,22.053339,496.697266
2024-03-30 21:30:00,257.398132,21.9907932,509.971649
2024-03-30 21:45:00,257.398132,22.1158695,502.558075
2024-03-30 22:00:00,257.398132,21.8657169,525.024536
2024-03-30 22:15:00,257.398132,22.1784153,531.862122
2024-03-30 22:30:00,257.398132,22.3034916,547.97937
2024-03-30 22:45:00,257.398132,22.2409611,549.932983
2024-03-30 23:00:00,257.398132,22.2409611,533.815735
2024-03-30 23:15:00,257.398132,22.2409611,547.97937
2024-03-30 23:30:00,257.398132,22.1784153,555.793762
2024-03-30 23:45:00,257.398132,22.1784153,556.247009
